Typ;Marke;Modell;Baureihe;Baujahr von;Baujahr bis;Lochkreis;Mittenloch (mm);Befestigung;ET min;ET max;Achse;Felge (Breite x Zoll);ET;Reifengröße;Hinweis
Auto;Volkswagen;Golf;Golf IV (1J);1997;2006;5x100;57,1;M14x1,5 Schraube;32;42;vorne + hinten;6Jx15;38;195/65 R15;
Auto;Volkswagen;Golf;Golf IV (1J);1997;2006;5x100;57,1;M14x1,5 Schraube;32;42;vorne + hinten;6,5Jx16;42;205/55 R16;
Auto;Volkswagen;Golf;Golf IV (1J);1997;2006;5x100;57,1;M14x1,5 Schraube;32;42;vorne + hinten;7Jx17;32;225/45 R17;
Auto;Volkswagen;Golf;Golf V (1K);2003;2008;5x112;57,1;M14x1,5 Schraube;45;54;vorne + hinten;6Jx15;47;195/65 R15;
Auto;Volkswagen;Golf;Golf V (1K);2003;2008;5x112;57,1;M14x1,5 Schraube;45;54;vorne + hinten;6,5Jx16;50;205/55 R16;
Auto;Volkswagen;Golf;Golf V (1K);2003;2008;5x112;57,1;M14x1,5 Schraube;45;54;vorne + hinten;7Jx17;54;225/45 R17;
Auto;Volkswagen;Golf;Golf V (1K);2003;2008;5x112;57,1;M14x1,5 Schraube;45;54;vorne + hinten;7,5Jx18;51;225/40 R18;
Auto;Volkswagen;Golf;Golf VI (5K);2008;2012;5x112;57,1;M14x1,5 Schraube;45;54;vorne + hinten;6Jx15;47;195/65 R15;
Auto;Volkswagen;Golf;Golf VI (5K);2008;2012;5x112;57,1;M14x1,5 Schraube;45;54;vorne + hinten;6,5Jx16;50;205/55 R16;
Auto;Volkswagen;Golf;Golf VI (5K);2008;2012;5x112;57,1;M14x1,5 Schraube;45;54;vorne + hinten;7Jx17;54;225/45 R17;
Auto;Volkswagen;Golf;Golf VI (5K);2008;2012;5x112;57,1;M14x1,5 Schraube;45;54;vorne + hinten;7,5Jx18;51;225/40 R18;
Auto;Volkswagen;Golf;Golf VII (5G);2012;2020;5x112;57,1;M14x1,5 Schraube;40;51;vorne + hinten;6Jx15;43;195/65 R15;
Auto;Volkswagen;Golf;Golf VII (5G);2012;2020;5x112;57,1;M14x1,5 Schraube;40;51;vorne + hinten;6,5Jx16;46;205/55 R16;
Auto;Volkswagen;Golf;Golf VII (5G);2012;2020;5x112;57,1;M14x1,5 Schraube;40;51;vorne + hinten;7Jx17;49;225/45 R17;
Auto;Volkswagen;Golf;Golf VII (5G);2012;2020;5x112;57,1;M14x1,5 Schraube;40;51;vorne + hinten;7,5Jx18;49;225/40 R18;
Auto;Volkswagen;Golf;Golf VII (5G);2012;2020;5x112;57,1;M14x1,5 Schraube;40;51;vorne + hinten;8Jx19;49;235/35 R19;
Auto;Volkswagen;Golf;Golf VIII (CD);2019;aktuell;5x112;57,1;M14x1,5 Schraube;40;51;vorne + hinten;6,5Jx16;46;205/55 R16;
Auto;Volkswagen;Golf;Golf VIII (CD);2019;aktuell;5x112;57,1;M14x1,5 Schraube;40;51;vorne + hinten;7Jx17;49;225/45 R17;
Auto;Volkswagen;Golf;Golf VIII (CD);2019;aktuell;5x112;57,1;M14x1,5 Schraube;40;51;vorne + hinten;7,5Jx18;51;225/40 R18;
Auto;Volkswagen;Golf;Golf VIII (CD);2019;aktuell;5x112;57,1;M14x1,5 Schraube;40;51;vorne + hinten;8Jx19;50;235/35 R19;
Auto;Volkswagen;Polo;Polo V (6R/6C);2009;2017;5x100;57,1;M14x1,5 Schraube;35;46;vorne + hinten;6Jx15;40;185/60 R15;
Auto;Volkswagen;Polo;Polo V (6R/6C);2009;2017;5x100;57,1;M14x1,5 Schraube;35;46;vorne + hinten;7Jx16;46;215/45 R16;
Auto;Volkswagen;Polo;Polo V (6R/6C);2009;2017;5x100;57,1;M14x1,5 Schraube;35;46;vorne + hinten;7Jx17;46;215/40 R17;
Auto;Volkswagen;Polo;Polo VI (AW);2017;aktuell;5x100;57,1;M14x1,5 Schraube;38;51;vorne + hinten;6Jx15;40;185/65 R15;
Auto;Volkswagen;Polo;Polo VI (AW);2017;aktuell;5x100;57,1;M14x1,5 Schraube;38;51;vorne + hinten;6,5Jx16;46;195/55 R16;
Auto;Volkswagen;Polo;Polo VI (AW);2017;aktuell;5x100;57,1;M14x1,5 Schraube;38;51;vorne + hinten;7Jx17;51;215/45 R17;
Auto;Volkswagen;Polo;Polo VI (AW);2017;aktuell;5x100;57,1;M14x1,5 Schraube;38;51;vorne + hinten;7,5Jx18;51;215/40 R18;
Auto;Volkswagen;Passat;Passat B6 (3C);2005;2010;5x112;57,1;M14x1,5 Schraube;38;47;vorne + hinten;6,5Jx16;42;215/55 R16;
Auto;Volkswagen;Passat;Passat B6 (3C);2005;2010;5x112;57,1;M14x1,5 Schraube;38;47;vorne + hinten;7Jx17;45;235/45 R17;
Auto;Volkswagen;Passat;Passat B6 (3C);2005;2010;5x112;57,1;M14x1,5 Schraube;38;47;vorne + hinten;8Jx18;41;235/40 R18;
Auto;Volkswagen;Passat;Passat B7 (36);2010;2014;5x112;57,1;M14x1,5 Schraube;38;47;vorne + hinten;6,5Jx16;42;215/55 R16;
Auto;Volkswagen;Passat;Passat B7 (36);2010;2014;5x112;57,1;M14x1,5 Schraube;38;47;vorne + hinten;7Jx17;45;235/45 R17;
Auto;Volkswagen;Passat;Passat B7 (36);2010;2014;5x112;57,1;M14x1,5 Schraube;38;47;vorne + hinten;8Jx18;41;235/40 R18;
Auto;Volkswagen;Passat;Passat B8 (3G);2014;2023;5x112;57,1;M14x1,5 Schraube;38;47;vorne + hinten;6,5Jx16;41;215/60 R16;
Auto;Volkswagen;Passat;Passat B8 (3G);2014;2023;5x112;57,1;M14x1,5 Schraube;38;47;vorne + hinten;7Jx17;40;215/55 R17;
Auto;Volkswagen;Passat;Passat B8 (3G);2014;2023;5x112;57,1;M14x1,5 Schraube;38;47;vorne + hinten;8Jx18;44;235/45 R18;
Auto;Volkswagen;Passat;Passat B8 (3G);2014;2023;5x112;57,1;M14x1,5 Schraube;38;47;vorne + hinten;8Jx19;44;235/40 R19;
Auto;Volkswagen;Passat;Passat B9 (CJ);2024;aktuell;5x112;57,1;M14x1,5 Schraube;38;47;vorne + hinten;7Jx17;;215/55 R17;
Auto;Volkswagen;Passat;Passat B9 (CJ);2024;aktuell;5x112;57,1;M14x1,5 Schraube;38;47;vorne + hinten;8Jx18;;235/45 R18;
Auto;Volkswagen;Passat;Passat B9 (CJ);2024;aktuell;5x112;57,1;M14x1,5 Schraube;38;47;vorne + hinten;8Jx19;;235/40 R19;
Auto;Volkswagen;Tiguan;Tiguan I (5N);2007;2016;5x112;57,1;M14x1,5 Schraube;33;45;vorne + hinten;6,5Jx16;33;215/65 R16;
Auto;Volkswagen;Tiguan;Tiguan I (5N);2007;2016;5x112;57,1;M14x1,5 Schraube;33;45;vorne + hinten;7Jx17;43;235/55 R17;
Auto;Volkswagen;Tiguan;Tiguan I (5N);2007;2016;5x112;57,1;M14x1,5 Schraube;33;45;vorne + hinten;8Jx18;43;235/50 R18;
Auto;Volkswagen;Tiguan;Tiguan II (AD/BW);2016;2024;5x112;57,1;M14x1,5 Schraube;38;43;vorne + hinten;7Jx17;40;215/65 R17;
Auto;Volkswagen;Tiguan;Tiguan II (AD/BW);2016;2024;5x112;57,1;M14x1,5 Schraube;38;43;vorne + hinten;7Jx18;43;235/55 R18;
Auto;Volkswagen;Tiguan;Tiguan II (AD/BW);2016;2024;5x112;57,1;M14x1,5 Schraube;38;43;vorne + hinten;8Jx19;41;255/45 R19;
Auto;Volkswagen;Tiguan;Tiguan II (AD/BW);2016;2024;5x112;57,1;M14x1,5 Schraube;38;43;vorne + hinten;8,5Jx20;38;255/40 R20;
Auto;Volkswagen;Tiguan;Tiguan III (CT);2024;aktuell;5x112;57,1;M14x1,5 Schraube;38;45;vorne + hinten;7Jx17;;215/65 R17;
Auto;Volkswagen;Tiguan;Tiguan III (CT);2024;aktuell;5x112;57,1;M14x1,5 Schraube;38;45;vorne + hinten;8Jx19;;255/45 R19;
Auto;Volkswagen;Tiguan;Tiguan III (CT);2024;aktuell;5x112;57,1;M14x1,5 Schraube;38;45;vorne + hinten;8,5Jx20;;255/40 R20;
Auto;Volkswagen;T-Roc;T-Roc (A1);2017;aktuell;5x112;57,1;M14x1,5 Schraube;40;47;vorne + hinten;6,5Jx16;43;215/60 R16;
Auto;Volkswagen;T-Roc;T-Roc (A1);2017;aktuell;5x112;57,1;M14x1,5 Schraube;40;47;vorne + hinten;7Jx17;43;215/55 R17;
Auto;Volkswagen;T-Roc;T-Roc (A1);2017;aktuell;5x112;57,1;M14x1,5 Schraube;40;47;vorne + hinten;7Jx18;;215/50 R18;
Auto;Volkswagen;T-Roc;T-Roc (A1);2017;aktuell;5x112;57,1;M14x1,5 Schraube;40;47;vorne + hinten;8Jx19;;225/40 R19;
Auto;Volkswagen;T-Cross;T-Cross (C1);2019;aktuell;5x100;57,1;M14x1,5 Schraube;40;50;vorne + hinten;6,5Jx16;;205/60 R16;
Auto;Volkswagen;T-Cross;T-Cross (C1);2019;aktuell;5x100;57,1;M14x1,5 Schraube;40;50;vorne + hinten;7Jx17;;205/55 R17;
Auto;Volkswagen;T-Cross;T-Cross (C1);2019;aktuell;5x100;57,1;M14x1,5 Schraube;40;50;vorne + hinten;7Jx18;;215/45 R18;
Auto;Volkswagen;Touran;Touran II (5T);2015;aktuell;5x112;57,1;M14x1,5 Schraube;44;54;vorne + hinten;6,5Jx16;46;205/60 R16;
Auto;Volkswagen;Touran;Touran II (5T);2015;aktuell;5x112;57,1;M14x1,5 Schraube;44;54;vorne + hinten;7Jx17;;215/55 R17;
Auto;Volkswagen;Touran;Touran II (5T);2015;aktuell;5x112;57,1;M14x1,5 Schraube;44;54;vorne + hinten;7,5Jx18;;225/45 R18;
Auto;Volkswagen;Arteon;Arteon (3H);2017;aktuell;5x112;57,1;M14x1,5 Schraube;38;45;vorne + hinten;8Jx18;40;245/45 R18;
Auto;Volkswagen;Arteon;Arteon (3H);2017;aktuell;5x112;57,1;M14x1,5 Schraube;38;45;vorne + hinten;8Jx19;40;245/40 R19;
Auto;Volkswagen;Arteon;Arteon (3H);2017;aktuell;5x112;57,1;M14x1,5 Schraube;38;45;vorne + hinten;8Jx20;;245/35 R20;
Auto;Volkswagen;up!;up! (121/AA);2011;2023;4x100;57,1;M12x1,5 Schraube;35;43;vorne + hinten;5Jx14;35;165/70 R14;
Auto;Volkswagen;up!;up! (121/AA);2011;2023;4x100;57,1;M12x1,5 Schraube;35;43;vorne + hinten;5,5Jx15;40;185/55 R15;
Auto;Volkswagen;up!;up! (121/AA);2011;2023;4x100;57,1;M12x1,5 Schraube;35;43;vorne + hinten;6Jx16;40;185/50 R16;
Auto;Volkswagen;up!;up! (121/AA);2011;2023;4x100;57,1;M12x1,5 Schraube;35;43;vorne + hinten;7Jx17;40;195/40 R17;
Auto;Volkswagen;ID.3;ID.3 (E1);2019;aktuell;5x112;57,1;M14x1,5 Schraube;;;vorne;7,5Jx18;;215/55 R18;Teilweise Mischbereifung (vorne/hinten unterschiedlich)
Auto;Volkswagen;ID.3;ID.3 (E1);2019;aktuell;5x112;57,1;M14x1,5 Schraube;;;hinten;7,5Jx18;;215/55 R18;Teilweise Mischbereifung (vorne/hinten unterschiedlich)
Auto;Volkswagen;ID.3;ID.3 (E1);2019;aktuell;5x112;57,1;M14x1,5 Schraube;;;vorne;7,5Jx19;;215/50 R19;Teilweise Mischbereifung (vorne/hinten unterschiedlich)
Auto;Volkswagen;ID.3;ID.3 (E1);2019;aktuell;5x112;57,1;M14x1,5 Schraube;;;hinten;7,5Jx19;;215/50 R19;Teilweise Mischbereifung (vorne/hinten unterschiedlich)
Auto;Volkswagen;ID.3;ID.3 (E1);2019;aktuell;5x112;57,1;M14x1,5 Schraube;;;vorne;7,5Jx20;;215/45 R20;Teilweise Mischbereifung (vorne/hinten unterschiedlich)
Auto;Volkswagen;ID.3;ID.3 (E1);2019;aktuell;5x112;57,1;M14x1,5 Schraube;;;hinten;8,5Jx20;;235/40 R20;Teilweise Mischbereifung (vorne/hinten unterschiedlich)
Auto;Volkswagen;ID.4;ID.4 (E2);2020;aktuell;5x112;57,1;M14x1,5 Schraube;;;vorne;7,5Jx19;;235/55 R19;Mischbereifung vorne/hinten
Auto;Volkswagen;ID.4;ID.4 (E2);2020;aktuell;5x112;57,1;M14x1,5 Schraube;;;hinten;8Jx19;;255/50 R19;Mischbereifung vorne/hinten
Auto;Volkswagen;ID.4;ID.4 (E2);2020;aktuell;5x112;57,1;M14x1,5 Schraube;;;vorne;8Jx20;;235/50 R20;Mischbereifung vorne/hinten
Auto;Volkswagen;ID.4;ID.4 (E2);2020;aktuell;5x112;57,1;M14x1,5 Schraube;;;hinten;8,5Jx20;;255/45 R20;Mischbereifung vorne/hinten
Auto;Volkswagen;ID.4;ID.4 (E2);2020;aktuell;5x112;57,1;M14x1,5 Schraube;;;vorne;8Jx21;;235/45 R21;Mischbereifung vorne/hinten
Auto;Volkswagen;ID.4;ID.4 (E2);2020;aktuell;5x112;57,1;M14x1,5 Schraube;;;hinten;9Jx21;;255/40 R21;Mischbereifung vorne/hinten
Auto;Volkswagen;Transporter / Multivan;T5 / T6 / T6.1;2003;2024;5x120;65,1;M14x1,5 Schraube;45;55;vorne + hinten;6,5Jx16;51;205/65 R16C;
Auto;Volkswagen;Transporter / Multivan;T5 / T6 / T6.1;2003;2024;5x120;65,1;M14x1,5 Schraube;45;55;vorne + hinten;7Jx17;55;235/55 R17;
Auto;Volkswagen;Transporter / Multivan;T5 / T6 / T6.1;2003;2024;5x120;65,1;M14x1,5 Schraube;45;55;vorne + hinten;8Jx18;50;255/45 R18;
Auto;Audi;A1;A1 (8X);2010;2018;5x100;57,1;M14x1,5 Schraube;29;40;vorne + hinten;6Jx15;29;185/60 R15;
Auto;Audi;A1;A1 (8X);2010;2018;5x100;57,1;M14x1,5 Schraube;29;40;vorne + hinten;7Jx16;;215/45 R16;
Auto;Audi;A1;A1 (8X);2010;2018;5x100;57,1;M14x1,5 Schraube;29;40;vorne + hinten;7,5Jx17;;215/40 R17;
Auto;Audi;A1;A1 (GB);2018;aktuell;5x100;57,1;M14x1,5 Schraube;35;46;vorne + hinten;6Jx15;;185/65 R15;
Auto;Audi;A1;A1 (GB);2018;aktuell;5x100;57,1;M14x1,5 Schraube;35;46;vorne + hinten;7Jx16;;195/55 R16;
Auto;Audi;A1;A1 (GB);2018;aktuell;5x100;57,1;M14x1,5 Schraube;35;46;vorne + hinten;7,5Jx17;;215/45 R17;
Auto;Audi;A1;A1 (GB);2018;aktuell;5x100;57,1;M14x1,5 Schraube;35;46;vorne + hinten;7,5Jx18;;215/40 R18;
Auto;Audi;A3;A3 (8P);2003;2012;5x112;57,1;M14x1,5 Schraube;45;56;vorne + hinten;6,5Jx16;50;205/55 R16;
Auto;Audi;A3;A3 (8P);2003;2012;5x112;57,1;M14x1,5 Schraube;45;56;vorne + hinten;7,5Jx17;56;225/45 R17;
Auto;Audi;A3;A3 (8P);2003;2012;5x112;57,1;M14x1,5 Schraube;45;56;vorne + hinten;7,5Jx18;;225/40 R18;
Auto;Audi;A3;A3 (8V);2012;2020;5x112;57,1;M14x1,5 Schraube;42;51;vorne + hinten;6,5Jx16;46;205/55 R16;
Auto;Audi;A3;A3 (8V);2012;2020;5x112;57,1;M14x1,5 Schraube;42;51;vorne + hinten;7,5Jx17;51;225/45 R17;
Auto;Audi;A3;A3 (8V);2012;2020;5x112;57,1;M14x1,5 Schraube;42;51;vorne + hinten;7,5Jx18;51;225/40 R18;
Auto;Audi;A3;A3 (8V);2012;2020;5x112;57,1;M14x1,5 Schraube;42;51;vorne + hinten;8Jx19;49;235/35 R19;
Auto;Audi;A3;A3 (8Y);2020;aktuell;5x112;57,1;M14x1,5 Schraube;40;51;vorne + hinten;6,5Jx16;;205/55 R16;
Auto;Audi;A3;A3 (8Y);2020;aktuell;5x112;57,1;M14x1,5 Schraube;40;51;vorne + hinten;7,5Jx17;;225/45 R17;
Auto;Audi;A3;A3 (8Y);2020;aktuell;5x112;57,1;M14x1,5 Schraube;40;51;vorne + hinten;7,5Jx18;;225/40 R18;
Auto;Audi;A3;A3 (8Y);2020;aktuell;5x112;57,1;M14x1,5 Schraube;40;51;vorne + hinten;8Jx19;;235/35 R19;
Auto;Audi;A4;A4 (B7);2004;2008;5x112;57,1;M14x1,5 Schraube;42;45;vorne + hinten;7Jx16;42;205/55 R16;
Auto;Audi;A4;A4 (B7);2004;2008;5x112;57,1;M14x1,5 Schraube;42;45;vorne + hinten;7,5Jx17;45;225/45 R17;
Auto;Audi;A4;A4 (B7);2004;2008;5x112;57,1;M14x1,5 Schraube;42;45;vorne + hinten;8Jx18;;235/40 R18;
Auto;Audi;A4;A4 (B8/8K);2007;2015;5x112;66,5;M14x1,5 Schraube;26;46;vorne + hinten;7Jx16;;225/55 R16;
Auto;Audi;A4;A4 (B8/8K);2007;2015;5x112;66,5;M14x1,5 Schraube;26;46;vorne + hinten;7,5Jx17;;225/50 R17;
Auto;Audi;A4;A4 (B8/8K);2007;2015;5x112;66,5;M14x1,5 Schraube;26;46;vorne + hinten;8Jx18;;245/40 R18;
Auto;Audi;A4;A4 (B8/8K);2007;2015;5x112;66,5;M14x1,5 Schraube;26;46;vorne + hinten;8,5Jx19;;255/35 R19;
Auto;Audi;A4;A4 (B9/8W);2015;aktuell;5x112;66,5;M14x1,5 Schraube;26;40;vorne + hinten;7Jx16;;205/60 R16;
Auto;Audi;A4;A4 (B9/8W);2015;aktuell;5x112;66,5;M14x1,5 Schraube;26;40;vorne + hinten;7,5Jx17;;225/50 R17;
Auto;Audi;A4;A4 (B9/8W);2015;aktuell;5x112;66,5;M14x1,5 Schraube;26;40;vorne + hinten;8Jx18;;245/40 R18;
Auto;Audi;A4;A4 (B9/8W);2015;aktuell;5x112;66,5;M14x1,5 Schraube;26;40;vorne + hinten;8,5Jx19;;255/35 R19;
Auto;Audi;A5;A5 (8T);2007;2016;5x112;66,5;M14x1,5 Schraube;26;46;vorne + hinten;7,5Jx17;;225/50 R17;
Auto;Audi;A5;A5 (8T);2007;2016;5x112;66,5;M14x1,5 Schraube;26;46;vorne + hinten;8Jx18;;245/40 R18;
Auto;Audi;A5;A5 (8T);2007;2016;5x112;66,5;M14x1,5 Schraube;26;46;vorne + hinten;8,5Jx19;;255/35 R19;
Auto;Audi;A5;A5 (F5);2016;aktuell;5x112;66,5;M14x1,5 Schraube;26;40;vorne + hinten;7,5Jx17;;225/50 R17;
Auto;Audi;A5;A5 (F5);2016;aktuell;5x112;66,5;M14x1,5 Schraube;26;40;vorne + hinten;8Jx18;;245/40 R18;
Auto;Audi;A5;A5 (F5);2016;aktuell;5x112;66,5;M14x1,5 Schraube;26;40;vorne + hinten;8,5Jx19;;255/35 R19;
Auto;Audi;A6;A6 (C6/4F);2004;2011;5x112;57,1;M14x1,5 Schraube;32;45;vorne + hinten;7,5Jx16;;225/55 R16;
Auto;Audi;A6;A6 (C6/4F);2004;2011;5x112;57,1;M14x1,5 Schraube;32;45;vorne + hinten;7,5Jx17;;225/50 R17;
Auto;Audi;A6;A6 (C6/4F);2004;2011;5x112;57,1;M14x1,5 Schraube;32;45;vorne + hinten;8Jx18;;245/45 R18;
Auto;Audi;A6;A6 (C6/4F);2004;2011;5x112;57,1;M14x1,5 Schraube;32;45;vorne + hinten;8,5Jx19;;255/40 R19;
Auto;Audi;A6;A6 (C7/4G);2011;2018;5x112;66,5;M14x1,5 Schraube;25;45;vorne + hinten;7,5Jx17;;225/55 R17;
Auto;Audi;A6;A6 (C7/4G);2011;2018;5x112;66,5;M14x1,5 Schraube;25;45;vorne + hinten;8Jx18;;245/45 R18;
Auto;Audi;A6;A6 (C7/4G);2011;2018;5x112;66,5;M14x1,5 Schraube;25;45;vorne + hinten;8,5Jx19;;255/40 R19;
Auto;Audi;A6;A6 (C7/4G);2011;2018;5x112;66,5;M14x1,5 Schraube;25;45;vorne + hinten;9Jx20;;255/35 R20;
Auto;Audi;A6;A6 (C8/4A);2018;aktuell;5x112;66,5;M14x1,5 Schraube;25;43;vorne + hinten;8Jx17;;225/55 R17;
Auto;Audi;A6;A6 (C8/4A);2018;aktuell;5x112;66,5;M14x1,5 Schraube;25;43;vorne + hinten;8Jx18;;245/45 R18;
Auto;Audi;A6;A6 (C8/4A);2018;aktuell;5x112;66,5;M14x1,5 Schraube;25;43;vorne + hinten;8,5Jx19;;245/40 R19;
Auto;Audi;A6;A6 (C8/4A);2018;aktuell;5x112;66,5;M14x1,5 Schraube;25;43;vorne + hinten;8,5Jx20;;255/35 R20;
Auto;Audi;A6;A6 (C8/4A);2018;aktuell;5x112;66,5;M14x1,5 Schraube;25;43;vorne + hinten;9Jx21;;255/30 R21;
Auto;Audi;Q3;Q3 (8U);2011;2018;5x112;57,1;M14x1,5 Schraube;33;43;vorne + hinten;6,5Jx16;33;215/65 R16;
Auto;Audi;Q3;Q3 (8U);2011;2018;5x112;57,1;M14x1,5 Schraube;33;43;vorne + hinten;7Jx17;;235/55 R17;
Auto;Audi;Q3;Q3 (8U);2011;2018;5x112;57,1;M14x1,5 Schraube;33;43;vorne + hinten;8Jx18;;235/50 R18;
Auto;Audi;Q3;Q3 (8U);2011;2018;5x112;57,1;M14x1,5 Schraube;33;43;vorne + hinten;8,5Jx19;;255/40 R19;
Auto;Audi;Q3;Q3 (F3);2018;aktuell;5x112;57,1;M14x1,5 Schraube;38;47;vorne + hinten;7Jx17;;215/65 R17;
Auto;Audi;Q3;Q3 (F3);2018;aktuell;5x112;57,1;M14x1,5 Schraube;38;47;vorne + hinten;7Jx18;;235/55 R18;
Auto;Audi;Q3;Q3 (F3);2018;aktuell;5x112;57,1;M14x1,5 Schraube;38;47;vorne + hinten;8Jx19;;235/50 R19;
Auto;Audi;Q3;Q3 (F3);2018;aktuell;5x112;57,1;M14x1,5 Schraube;38;47;vorne + hinten;8,5Jx20;;255/40 R20;
Auto;Audi;Q5;Q5 (8R);2008;2017;5x112;66,5;M14x1,5 Schraube;33;39;vorne + hinten;7Jx17;;235/65 R17;
Auto;Audi;Q5;Q5 (8R);2008;2017;5x112;66,5;M14x1,5 Schraube;33;39;vorne + hinten;8Jx18;39;235/60 R18;
Auto;Audi;Q5;Q5 (8R);2008;2017;5x112;66,5;M14x1,5 Schraube;33;39;vorne + hinten;8Jx19;39;235/55 R19;
Auto;Audi;Q5;Q5 (8R);2008;2017;5x112;66,5;M14x1,5 Schraube;33;39;vorne + hinten;8,5Jx20;33;255/45 R20;
Auto;Audi;Q5;Q5 (FY);2017;aktuell;5x112;66,5;M14x1,5 Schraube;25;39;vorne + hinten;7Jx18;;235/60 R18;
Auto;Audi;Q5;Q5 (FY);2017;aktuell;5x112;66,5;M14x1,5 Schraube;25;39;vorne + hinten;8Jx19;;235/55 R19;
Auto;Audi;Q5;Q5 (FY);2017;aktuell;5x112;66,5;M14x1,5 Schraube;25;39;vorne + hinten;8,5Jx20;;255/45 R20;
Auto;Audi;Q5;Q5 (FY);2017;aktuell;5x112;66,5;M14x1,5 Schraube;25;39;vorne + hinten;8,5Jx21;;255/40 R21;
Auto;Audi;Q7;Q7 (4M);2015;aktuell;5x112;66,5;M14x1,5 Schraube;28;40;vorne + hinten;8,5Jx19;;255/55 R19;
Auto;Audi;Q7;Q7 (4M);2015;aktuell;5x112;66,5;M14x1,5 Schraube;28;40;vorne + hinten;9Jx20;;285/45 R20;
Auto;Audi;Q7;Q7 (4M);2015;aktuell;5x112;66,5;M14x1,5 Schraube;28;40;vorne + hinten;9,5Jx21;;285/40 R21;
Auto;Audi;Q4 e-tron;Q4 e-tron (F4);2021;aktuell;5x112;57,1;M14x1,5 Schraube;;;vorne;8Jx19;;235/55 R19;Mischbereifung vorne/hinten
Auto;Audi;Q4 e-tron;Q4 e-tron (F4);2021;aktuell;5x112;57,1;M14x1,5 Schraube;;;hinten;8,5Jx19;;255/50 R19;Mischbereifung vorne/hinten
Auto;Audi;Q4 e-tron;Q4 e-tron (F4);2021;aktuell;5x112;57,1;M14x1,5 Schraube;;;vorne;8Jx20;;235/50 R20;Mischbereifung vorne/hinten
Auto;Audi;Q4 e-tron;Q4 e-tron (F4);2021;aktuell;5x112;57,1;M14x1,5 Schraube;;;hinten;9Jx20;;255/45 R20;Mischbereifung vorne/hinten
Auto;Audi;Q4 e-tron;Q4 e-tron (F4);2021;aktuell;5x112;57,1;M14x1,5 Schraube;;;vorne;8,5Jx21;;235/45 R21;Mischbereifung vorne/hinten
Auto;Audi;Q4 e-tron;Q4 e-tron (F4);2021;aktuell;5x112;57,1;M14x1,5 Schraube;;;hinten;9Jx21;;255/40 R21;Mischbereifung vorne/hinten
Auto;Audi;TT;TT (8J);2006;2014;5x112;57,1;M14x1,5 Schraube;45;52;vorne + hinten;7,5Jx17;;225/50 R17;
Auto;Audi;TT;TT (8J);2006;2014;5x112;57,1;M14x1,5 Schraube;45;52;vorne + hinten;8,5Jx18;;245/40 R18;
Auto;Audi;TT;TT (8J);2006;2014;5x112;57,1;M14x1,5 Schraube;45;52;vorne + hinten;9Jx19;;255/35 R19;
Auto;Audi;TT;TT (FV/8S);2014;2023;5x112;57,1;M14x1,5 Schraube;45;52;vorne + hinten;8Jx17;;225/50 R17;
Auto;Audi;TT;TT (FV/8S);2014;2023;5x112;57,1;M14x1,5 Schraube;45;52;vorne + hinten;8,5Jx18;;245/40 R18;
Auto;Audi;TT;TT (FV/8S);2014;2023;5x112;57,1;M14x1,5 Schraube;45;52;vorne + hinten;9Jx19;;245/35 R19;
Auto;Audi;TT;TT (FV/8S);2014;2023;5x112;57,1;M14x1,5 Schraube;45;52;vorne + hinten;9Jx20;;255/30 R20;
Auto;BMW;1er;1er (E81/E87);2004;2011;5x120;72,6;M12x1,5 Schraube;34;47;vorne + hinten;6,5Jx16;42;195/55 R16;
Auto;BMW;1er;1er (E81/E87);2004;2011;5x120;72,6;M12x1,5 Schraube;34;47;vorne + hinten;7Jx17;47;205/50 R17;
Auto;BMW;1er;1er (E81/E87);2004;2011;5x120;72,6;M12x1,5 Schraube;34;47;vorne;7,5Jx18;;215/40 R18;
Auto;BMW;1er;1er (E81/E87);2004;2011;5x120;72,6;M12x1,5 Schraube;34;47;hinten;8,5Jx18;;245/35 R18;
Auto;BMW;1er;1er (F20/F21);2011;2019;5x120;72,6;M12x1,5 Schraube;37;52;vorne + hinten;6,5Jx16;;205/55 R16;
Auto;BMW;1er;1er (F20/F21);2011;2019;5x120;72,6;M12x1,5 Schraube;37;52;vorne + hinten;7Jx17;;225/45 R17;
Auto;BMW;1er;1er (F20/F21);2011;2019;5x120;72,6;M12x1,5 Schraube;37;52;vorne;7,5Jx18;;225/40 R18;
Auto;BMW;1er;1er (F20/F21);2011;2019;5x120;72,6;M12x1,5 Schraube;37;52;hinten;8Jx18;;245/35 R18;
Auto;BMW;1er;1er (F40);2019;aktuell;5x112;66,6;M14x1,25 Schraube;45;54;vorne + hinten;7Jx16;;205/55 R16;
Auto;BMW;1er;1er (F40);2019;aktuell;5x112;66,6;M14x1,25 Schraube;45;54;vorne + hinten;7,5Jx17;54;225/45 R17;
Auto;BMW;1er;1er (F40);2019;aktuell;5x112;66,6;M14x1,25 Schraube;45;54;vorne + hinten;8Jx18;;225/40 R18;
Auto;BMW;1er;1er (F40);2019;aktuell;5x112;66,6;M14x1,25 Schraube;45;54;vorne + hinten;8Jx19;;225/35 R19;
Auto;BMW;2er Active Tourer;2er Active Tourer (F45);2014;2021;5x112;66,6;M14x1,25 Schraube;47;54;vorne + hinten;6,5Jx16;;205/60 R16;
Auto;BMW;2er Active Tourer;2er Active Tourer (F45);2014;2021;5x112;66,6;M14x1,25 Schraube;47;54;vorne + hinten;7,5Jx17;;225/50 R17;
Auto;BMW;2er Active Tourer;2er Active Tourer (F45);2014;2021;5x112;66,6;M14x1,25 Schraube;47;54;vorne + hinten;8Jx18;;225/45 R18;
Auto;BMW;2er Active Tourer;2er Active Tourer (U06);2021;aktuell;5x112;66,6;M14x1,25 Schraube;45;54;vorne + hinten;7Jx17;;205/60 R17;
Auto;BMW;2er Active Tourer;2er Active Tourer (U06);2021;aktuell;5x112;66,6;M14x1,25 Schraube;45;54;vorne + hinten;7,5Jx18;;225/45 R18;
Auto;BMW;2er Active Tourer;2er Active Tourer (U06);2021;aktuell;5x112;66,6;M14x1,25 Schraube;45;54;vorne + hinten;8Jx19;;225/40 R19;
Auto;BMW;3er;3er (E90/E91);2005;2012;5x120;72,6;M12x1,5 Schraube;34;47;vorne + hinten;7Jx16;34;205/55 R16;
Auto;BMW;3er;3er (E90/E91);2005;2012;5x120;72,6;M12x1,5 Schraube;34;47;vorne + hinten;8Jx17;34;225/45 R17;
Auto;BMW;3er;3er (E90/E91);2005;2012;5x120;72,6;M12x1,5 Schraube;34;47;vorne;8Jx18;34;225/40 R18;
Auto;BMW;3er;3er (E90/E91);2005;2012;5x120;72,6;M12x1,5 Schraube;34;47;hinten;8,5Jx18;37;255/35 R18;
Auto;BMW;3er;3er (F30/F31);2011;2019;5x120;72,6;M14x1,25 Schraube;30;47;vorne + hinten;7,5Jx16;37;205/60 R16;
Auto;BMW;3er;3er (F30/F31);2011;2019;5x120;72,6;M14x1,25 Schraube;30;47;vorne + hinten;7,5Jx17;37;225/50 R17;
Auto;BMW;3er;3er (F30/F31);2011;2019;5x120;72,6;M14x1,25 Schraube;30;47;vorne;8Jx18;34;225/45 R18;
Auto;BMW;3er;3er (F30/F31);2011;2019;5x120;72,6;M14x1,25 Schraube;30;47;hinten;8,5Jx18;47;255/40 R18;
Auto;BMW;3er;3er (F30/F31);2011;2019;5x120;72,6;M14x1,25 Schraube;30;47;vorne;8Jx19;36;225/40 R19;
Auto;BMW;3er;3er (F30/F31);2011;2019;5x120;72,6;M14x1,25 Schraube;30;47;hinten;8,5Jx19;47;255/35 R19;
Auto;BMW;3er;3er (G20/G21);2019;aktuell;5x112;66,6;M14x1,25 Schraube;22;40;vorne + hinten;7,5Jx17;30;225/50 R17;
Auto;BMW;3er;3er (G20/G21);2019;aktuell;5x112;66,6;M14x1,25 Schraube;22;40;vorne;8Jx18;27;225/45 R18;
Auto;BMW;3er;3er (G20/G21);2019;aktuell;5x112;66,6;M14x1,25 Schraube;22;40;hinten;8,5Jx18;40;255/40 R18;
Auto;BMW;3er;3er (G20/G21);2019;aktuell;5x112;66,6;M14x1,25 Schraube;22;40;vorne;8Jx19;27;225/40 R19;
Auto;BMW;3er;3er (G20/G21);2019;aktuell;5x112;66,6;M14x1,25 Schraube;22;40;hinten;8,5Jx19;40;255/35 R19;
Auto;BMW;4er;4er (F32/F33/F36);2013;2020;5x120;72,6;M14x1,25 Schraube;30;47;vorne + hinten;7,5Jx17;37;225/50 R17;
Auto;BMW;4er;4er (F32/F33/F36);2013;2020;5x120;72,6;M14x1,25 Schraube;30;47;vorne;8Jx18;34;225/45 R18;
Auto;BMW;4er;4er (F32/F33/F36);2013;2020;5x120;72,6;M14x1,25 Schraube;30;47;hinten;8,5Jx18;47;255/40 R18;
Auto;BMW;4er;4er (F32/F33/F36);2013;2020;5x120;72,6;M14x1,25 Schraube;30;47;vorne;8Jx19;36;225/40 R19;
Auto;BMW;4er;4er (F32/F33/F36);2013;2020;5x120;72,6;M14x1,25 Schraube;30;47;hinten;8,5Jx19;47;255/35 R19;
Auto;BMW;4er;4er (G22/G23/G26);2020;aktuell;5x112;66,6;M14x1,25 Schraube;22;40;vorne + hinten;7,5Jx17;;225/50 R17;
Auto;BMW;4er;4er (G22/G23/G26);2020;aktuell;5x112;66,6;M14x1,25 Schraube;22;40;vorne;8Jx18;;225/45 R18;
Auto;BMW;4er;4er (G22/G23/G26);2020;aktuell;5x112;66,6;M14x1,25 Schraube;22;40;hinten;8,5Jx18;;255/40 R18;
Auto;BMW;4er;4er (G22/G23/G26);2020;aktuell;5x112;66,6;M14x1,25 Schraube;22;40;vorne;8Jx19;;225/40 R19;
Auto;BMW;4er;4er (G22/G23/G26);2020;aktuell;5x112;66,6;M14x1,25 Schraube;22;40;hinten;8,5Jx19;;255/35 R19;
Auto;BMW;5er;5er (E60/E61);2003;2010;5x120;72,6;M12x1,5 Schraube;14;24;vorne + hinten;7Jx16;20;225/55 R16;
Auto;BMW;5er;5er (E60/E61);2003;2010;5x120;72,6;M12x1,5 Schraube;14;24;vorne + hinten;8Jx17;20;225/50 R17;
Auto;BMW;5er;5er (E60/E61);2003;2010;5x120;72,6;M12x1,5 Schraube;14;24;vorne;8Jx18;20;245/40 R18;
Auto;BMW;5er;5er (E60/E61);2003;2010;5x120;72,6;M12x1,5 Schraube;14;24;hinten;9Jx18;18;275/35 R18;
Auto;BMW;5er;5er (F10/F11);2010;2017;5x120;72,6;M14x1,25 Schraube;30;44;vorne + hinten;8Jx17;30;225/55 R17;
Auto;BMW;5er;5er (F10/F11);2010;2017;5x120;72,6;M14x1,25 Schraube;30;44;vorne + hinten;8Jx18;30;245/45 R18;
Auto;BMW;5er;5er (F10/F11);2010;2017;5x120;72,6;M14x1,25 Schraube;30;44;vorne;8,5Jx19;33;245/40 R19;
Auto;BMW;5er;5er (F10/F11);2010;2017;5x120;72,6;M14x1,25 Schraube;30;44;hinten;9,5Jx19;39;275/35 R19;
Auto;BMW;5er;5er (G30/G31);2017;2023;5x112;66,6;M14x1,25 Schraube;25;44;vorne + hinten;7,5Jx17;27;225/55 R17;
Auto;BMW;5er;5er (G30/G31);2017;2023;5x112;66,6;M14x1,25 Schraube;25;44;vorne + hinten;8Jx18;30;245/45 R18;
Auto;BMW;5er;5er (G30/G31);2017;2023;5x112;66,6;M14x1,25 Schraube;25;44;vorne;8Jx19;27;245/40 R19;
Auto;BMW;5er;5er (G30/G31);2017;2023;5x112;66,6;M14x1,25 Schraube;25;44;hinten;9Jx19;44;275/35 R19;
Auto;BMW;5er;5er (G60/G61);2023;aktuell;5x112;66,6;M14x1,25 Schraube;20;40;vorne + hinten;8Jx18;;245/50 R18;
Auto;BMW;5er;5er (G60/G61);2023;aktuell;5x112;66,6;M14x1,25 Schraube;20;40;vorne;8Jx19;;245/45 R19;
Auto;BMW;5er;5er (G60/G61);2023;aktuell;5x112;66,6;M14x1,25 Schraube;20;40;hinten;9Jx19;;275/40 R19;
Auto;BMW;5er;5er (G60/G61);2023;aktuell;5x112;66,6;M14x1,25 Schraube;20;40;vorne;8,5Jx20;;245/40 R20;
Auto;BMW;5er;5er (G60/G61);2023;aktuell;5x112;66,6;M14x1,25 Schraube;20;40;hinten;9,5Jx20;;275/35 R20;
Auto;BMW;X1;X1 (E84);2009;2015;5x120;72,6;M12x1,5 Schraube;30;34;vorne + hinten;7Jx17;34;225/50 R17;
Auto;BMW;X1;X1 (E84);2009;2015;5x120;72,6;M12x1,5 Schraube;30;34;vorne + hinten;8Jx18;30;225/45 R18;
Auto;BMW;X1;X1 (F48);2015;2022;5x112;66,6;M14x1,25 Schraube;39;54;vorne + hinten;7Jx17;;225/55 R17;
Auto;BMW;X1;X1 (F48);2015;2022;5x112;66,6;M14x1,25 Schraube;39;54;vorne + hinten;7,5Jx18;;225/50 R18;
Auto;BMW;X1;X1 (F48);2015;2022;5x112;66,6;M14x1,25 Schraube;39;54;vorne + hinten;8Jx19;;225/45 R19;
Auto;BMW;X1;X1 (U11);2022;aktuell;5x112;66,6;M14x1,25 Schraube;39;54;vorne + hinten;7Jx17;;215/65 R17;
Auto;BMW;X1;X1 (U11);2022;aktuell;5x112;66,6;M14x1,25 Schraube;39;54;vorne + hinten;7,5Jx18;;225/55 R18;
Auto;BMW;X1;X1 (U11);2022;aktuell;5x112;66,6;M14x1,25 Schraube;39;54;vorne + hinten;8Jx19;;245/45 R19;
Auto;BMW;X1;X1 (U11);2022;aktuell;5x112;66,6;M14x1,25 Schraube;39;54;vorne + hinten;8Jx20;;245/40 R20;
Auto;BMW;X3;X3 (F25);2010;2017;5x120;72,6;M14x1,25 Schraube;32;48;vorne + hinten;7,5Jx17;32;225/60 R17;
Auto;BMW;X3;X3 (F25);2010;2017;5x120;72,6;M14x1,25 Schraube;32;48;vorne + hinten;8Jx18;43;245/50 R18;
Auto;BMW;X3;X3 (F25);2010;2017;5x120;72,6;M14x1,25 Schraube;32;48;vorne;8,5Jx19;;245/45 R19;
Auto;BMW;X3;X3 (F25);2010;2017;5x120;72,6;M14x1,25 Schraube;32;48;hinten;9,5Jx19;;275/40 R19;
Auto;BMW;X3;X3 (G01);2017;2024;5x112;66,6;M14x1,25 Schraube;22;43;vorne + hinten;7Jx18;22;225/60 R18;
Auto;BMW;X3;X3 (G01);2017;2024;5x112;66,6;M14x1,25 Schraube;22;43;vorne;7,5Jx19;;245/50 R19;
Auto;BMW;X3;X3 (G01);2017;2024;5x112;66,6;M14x1,25 Schraube;22;43;hinten;8,5Jx19;;275/45 R19;
Auto;BMW;X3;X3 (G01);2017;2024;5x112;66,6;M14x1,25 Schraube;22;43;vorne;8Jx20;;245/45 R20;
Auto;BMW;X3;X3 (G01);2017;2024;5x112;66,6;M14x1,25 Schraube;22;43;hinten;9,5Jx20;;275/40 R20;
Auto;BMW;X5;X5 (E70);2006;2013;5x120;74,1;M14x1,25 Schraube;35;48;vorne + hinten;8,5Jx18;46;255/55 R18;
Auto;BMW;X5;X5 (E70);2006;2013;5x120;74,1;M14x1,25 Schraube;35;48;vorne + hinten;9Jx19;48;255/50 R19;
Auto;BMW;X5;X5 (E70);2006;2013;5x120;74,1;M14x1,25 Schraube;35;48;vorne;10Jx20;40;275/40 R20;
Auto;BMW;X5;X5 (E70);2006;2013;5x120;74,1;M14x1,25 Schraube;35;48;hinten;11Jx20;35;315/35 R20;
Auto;BMW;X5;X5 (F15);2013;2018;5x120;74,1;M14x1,25 Schraube;35;48;vorne + hinten;8,5Jx18;;255/55 R18;
Auto;BMW;X5;X5 (F15);2013;2018;5x120;74,1;M14x1,25 Schraube;35;48;vorne + hinten;9Jx19;;255/50 R19;
Auto;BMW;X5;X5 (F15);2013;2018;5x120;74,1;M14x1,25 Schraube;35;48;vorne;10Jx20;;275/40 R20;
Auto;BMW;X5;X5 (F15);2013;2018;5x120;74,1;M14x1,25 Schraube;35;48;hinten;11Jx20;;315/35 R20;
Auto;BMW;X5;X5 (G05);2018;aktuell;5x112;66,6;M14x1,25 Schraube;20;40;vorne + hinten;9Jx19;;265/50 R19;
Auto;BMW;X5;X5 (G05);2018;aktuell;5x112;66,6;M14x1,25 Schraube;20;40;vorne;9Jx20;;275/45 R20;
Auto;BMW;X5;X5 (G05);2018;aktuell;5x112;66,6;M14x1,25 Schraube;20;40;hinten;10,5Jx20;;305/40 R20;
Auto;BMW;X5;X5 (G05);2018;aktuell;5x112;66,6;M14x1,25 Schraube;20;40;vorne;9,5Jx21;;275/40 R21;
Auto;BMW;X5;X5 (G05);2018;aktuell;5x112;66,6;M14x1,25 Schraube;20;40;hinten;10,5Jx21;;315/35 R21;
Auto;MINI;Mini / Cooper;Mini (R56);2006;2013;4x100;56,1;M12x1,5 Schraube;45;52;vorne + hinten;5,5Jx15;45;175/65 R15;
Auto;MINI;Mini / Cooper;Mini (R56);2006;2013;4x100;56,1;M12x1,5 Schraube;45;52;vorne + hinten;6,5Jx16;48;195/55 R16;
Auto;MINI;Mini / Cooper;Mini (R56);2006;2013;4x100;56,1;M12x1,5 Schraube;45;52;vorne + hinten;7Jx17;48;205/45 R17;
Auto;MINI;Mini / Cooper;Mini (F55/F56);2013;2024;5x112;66,6;M14x1,25 Schraube;46;54;vorne + hinten;5,5Jx15;46;175/65 R15;
Auto;MINI;Mini / Cooper;Mini (F55/F56);2013;2024;5x112;66,6;M14x1,25 Schraube;46;54;vorne + hinten;6,5Jx16;54;195/55 R16;
Auto;MINI;Mini / Cooper;Mini (F55/F56);2013;2024;5x112;66,6;M14x1,25 Schraube;46;54;vorne + hinten;7Jx17;54;205/45 R17;
Auto;MINI;Mini / Cooper;Mini (F55/F56);2013;2024;5x112;66,6;M14x1,25 Schraube;46;54;vorne + hinten;7,5Jx18;52;205/40 R18;
Auto;MINI;Countryman;Countryman (F60);2017;2024;5x112;66,6;M14x1,25 Schraube;47;54;vorne + hinten;6,5Jx16;;205/60 R16;
Auto;MINI;Countryman;Countryman (F60);2017;2024;5x112;66,6;M14x1,25 Schraube;47;54;vorne + hinten;7Jx17;;225/55 R17;
Auto;MINI;Countryman;Countryman (F60);2017;2024;5x112;66,6;M14x1,25 Schraube;47;54;vorne + hinten;7,5Jx18;;225/50 R18;
Auto;MINI;Countryman;Countryman (F60);2017;2024;5x112;66,6;M14x1,25 Schraube;47;54;vorne + hinten;8Jx19;;225/45 R19;
Auto;Mercedes-Benz;A-Klasse;A-Klasse (W176);2012;2018;5x112;66,6;M14x1,5 Schraube;44;52;vorne + hinten;6Jx15;;195/65 R15;
Auto;Mercedes-Benz;A-Klasse;A-Klasse (W176);2012;2018;5x112;66,6;M14x1,5 Schraube;44;52;vorne + hinten;6,5Jx16;49;205/55 R16;
Auto;Mercedes-Benz;A-Klasse;A-Klasse (W176);2012;2018;5x112;66,6;M14x1,5 Schraube;44;52;vorne + hinten;7Jx17;;225/45 R17;
Auto;Mercedes-Benz;A-Klasse;A-Klasse (W176);2012;2018;5x112;66,6;M14x1,5 Schraube;44;52;vorne + hinten;7,5Jx18;52;225/40 R18;
Auto;Mercedes-Benz;A-Klasse;A-Klasse (W177);2018;aktuell;5x112;66,6;M14x1,5 Schraube;44;52;vorne + hinten;6,5Jx16;;205/60 R16;
Auto;Mercedes-Benz;A-Klasse;A-Klasse (W177);2018;aktuell;5x112;66,6;M14x1,5 Schraube;44;52;vorne + hinten;7Jx17;;205/55 R17;
Auto;Mercedes-Benz;A-Klasse;A-Klasse (W177);2018;aktuell;5x112;66,6;M14x1,5 Schraube;44;52;vorne + hinten;7,5Jx18;;225/45 R18;
Auto;Mercedes-Benz;A-Klasse;A-Klasse (W177);2018;aktuell;5x112;66,6;M14x1,5 Schraube;44;52;vorne + hinten;7,5Jx19;;225/40 R19;
Auto;Mercedes-Benz;B-Klasse;B-Klasse (W246);2011;2018;5x112;66,6;M14x1,5 Schraube;44;52;vorne + hinten;6,5Jx16;;205/55 R16;
Auto;Mercedes-Benz;B-Klasse;B-Klasse (W246);2011;2018;5x112;66,6;M14x1,5 Schraube;44;52;vorne + hinten;7Jx17;;225/45 R17;
Auto;Mercedes-Benz;B-Klasse;B-Klasse (W246);2011;2018;5x112;66,6;M14x1,5 Schraube;44;52;vorne + hinten;7,5Jx18;;225/40 R18;
Auto;Mercedes-Benz;B-Klasse;B-Klasse (W247);2018;aktuell;5x112;66,6;M14x1,5 Schraube;44;52;vorne + hinten;6,5Jx16;;205/60 R16;
Auto;Mercedes-Benz;B-Klasse;B-Klasse (W247);2018;aktuell;5x112;66,6;M14x1,5 Schraube;44;52;vorne + hinten;7Jx17;;205/55 R17;
Auto;Mercedes-Benz;B-Klasse;B-Klasse (W247);2018;aktuell;5x112;66,6;M14x1,5 Schraube;44;52;vorne + hinten;7,5Jx18;;225/45 R18;
Auto;Mercedes-Benz;C-Klasse;C-Klasse (W204);2007;2014;5x112;66,6;M14x1,5 Schraube;31;54;vorne + hinten;7Jx16;;205/55 R16;
Auto;Mercedes-Benz;C-Klasse;C-Klasse (W204);2007;2014;5x112;66,6;M14x1,5 Schraube;31;54;vorne + hinten;7,5Jx17;;225/45 R17;
Auto;Mercedes-Benz;C-Klasse;C-Klasse (W204);2007;2014;5x112;66,6;M14x1,5 Schraube;31;54;vorne;7,5Jx18;;225/40 R18;
Auto;Mercedes-Benz;C-Klasse;C-Klasse (W204);2007;2014;5x112;66,6;M14x1,5 Schraube;31;54;hinten;8,5Jx18;;255/35 R18;
Auto;Mercedes-Benz;C-Klasse;C-Klasse (W205);2014;2021;5x112;66,6;M14x1,5 Schraube;36;53;vorne + hinten;7Jx16;;205/60 R16;
Auto;Mercedes-Benz;C-Klasse;C-Klasse (W205);2014;2021;5x112;66,6;M14x1,5 Schraube;36;53;vorne + hinten;7Jx17;;225/50 R17;
Auto;Mercedes-Benz;C-Klasse;C-Klasse (W205);2014;2021;5x112;66,6;M14x1,5 Schraube;36;53;vorne;7,5Jx18;44;225/45 R18;
Auto;Mercedes-Benz;C-Klasse;C-Klasse (W205);2014;2021;5x112;66,6;M14x1,5 Schraube;36;53;hinten;8,5Jx18;49;245/40 R18;
Auto;Mercedes-Benz;C-Klasse;C-Klasse (W205);2014;2021;5x112;66,6;M14x1,5 Schraube;36;53;vorne;7,5Jx19;;225/40 R19;
Auto;Mercedes-Benz;C-Klasse;C-Klasse (W205);2014;2021;5x112;66,6;M14x1,5 Schraube;36;53;hinten;8,5Jx19;;255/35 R19;
Auto;Mercedes-Benz;C-Klasse;C-Klasse (W206);2021;aktuell;5x112;66,6;M14x1,5 Schraube;36;53;vorne + hinten;7Jx17;;225/55 R17;
Auto;Mercedes-Benz;C-Klasse;C-Klasse (W206);2021;aktuell;5x112;66,6;M14x1,5 Schraube;36;53;vorne;7,5Jx18;;225/45 R18;
Auto;Mercedes-Benz;C-Klasse;C-Klasse (W206);2021;aktuell;5x112;66,6;M14x1,5 Schraube;36;53;hinten;8,5Jx18;;245/40 R18;
Auto;Mercedes-Benz;C-Klasse;C-Klasse (W206);2021;aktuell;5x112;66,6;M14x1,5 Schraube;36;53;vorne;7,5Jx19;;225/40 R19;
Auto;Mercedes-Benz;C-Klasse;C-Klasse (W206);2021;aktuell;5x112;66,6;M14x1,5 Schraube;36;53;hinten;8,5Jx19;;255/35 R19;
Auto;Mercedes-Benz;E-Klasse;E-Klasse (W212);2009;2016;5x112;66,6;M14x1,5 Schraube;31;48;vorne + hinten;7,5Jx16;;225/55 R16;
Auto;Mercedes-Benz;E-Klasse;E-Klasse (W212);2009;2016;5x112;66,6;M14x1,5 Schraube;31;48;vorne + hinten;8Jx17;;245/45 R17;
Auto;Mercedes-Benz;E-Klasse;E-Klasse (W212);2009;2016;5x112;66,6;M14x1,5 Schraube;31;48;vorne;8,5Jx18;;245/40 R18;
Auto;Mercedes-Benz;E-Klasse;E-Klasse (W212);2009;2016;5x112;66,6;M14x1,5 Schraube;31;48;hinten;9,5Jx18;;265/35 R18;
Auto;Mercedes-Benz;E-Klasse;E-Klasse (W213);2016;2023;5x112;66,6;M14x1,5 Schraube;31;52;vorne + hinten;7,5Jx17;;225/55 R17;
Auto;Mercedes-Benz;E-Klasse;E-Klasse (W213);2016;2023;5x112;66,6;M14x1,5 Schraube;31;52;vorne;8Jx18;;245/45 R18;
Auto;Mercedes-Benz;E-Klasse;E-Klasse (W213);2016;2023;5x112;66,6;M14x1,5 Schraube;31;52;hinten;9Jx18;;275/40 R18;
Auto;Mercedes-Benz;E-Klasse;E-Klasse (W213);2016;2023;5x112;66,6;M14x1,5 Schraube;31;52;vorne;8Jx19;;245/40 R19;
Auto;Mercedes-Benz;E-Klasse;E-Klasse (W213);2016;2023;5x112;66,6;M14x1,5 Schraube;31;52;hinten;9Jx19;;275/35 R19;
Auto;Mercedes-Benz;E-Klasse;E-Klasse (W214);2023;aktuell;5x112;66,6;M14x1,5 Schraube;31;52;vorne + hinten;7,5Jx17;;225/55 R17;
Auto;Mercedes-Benz;E-Klasse;E-Klasse (W214);2023;aktuell;5x112;66,6;M14x1,5 Schraube;31;52;vorne;8Jx18;;245/45 R18;
Auto;Mercedes-Benz;E-Klasse;E-Klasse (W214);2023;aktuell;5x112;66,6;M14x1,5 Schraube;31;52;hinten;9Jx18;;275/40 R18;
Auto;Mercedes-Benz;E-Klasse;E-Klasse (W214);2023;aktuell;5x112;66,6;M14x1,5 Schraube;31;52;vorne;8Jx19;;245/40 R19;
Auto;Mercedes-Benz;E-Klasse;E-Klasse (W214);2023;aktuell;5x112;66,6;M14x1,5 Schraube;31;52;hinten;9Jx19;;275/35 R19;
Auto;Mercedes-Benz;GLA;GLA (X156);2013;2019;5x112;66,6;M14x1,5 Schraube;43;52;vorne + hinten;7Jx17;;215/60 R17;
Auto;Mercedes-Benz;GLA;GLA (X156);2013;2019;5x112;66,6;M14x1,5 Schraube;43;52;vorne + hinten;7,5Jx18;;235/50 R18;
Auto;Mercedes-Benz;GLA;GLA (X156);2013;2019;5x112;66,6;M14x1,5 Schraube;43;52;vorne + hinten;7,5Jx19;;235/45 R19;
Auto;Mercedes-Benz;GLA;GLA (H247);2020;aktuell;5x112;66,6;M14x1,5 Schraube;43;52;vorne + hinten;7Jx17;;215/65 R17;
Auto;Mercedes-Benz;GLA;GLA (H247);2020;aktuell;5x112;66,6;M14x1,5 Schraube;43;52;vorne + hinten;7,5Jx18;;235/55 R18;
Auto;Mercedes-Benz;GLA;GLA (H247);2020;aktuell;5x112;66,6;M14x1,5 Schraube;43;52;vorne + hinten;7,5Jx19;;235/50 R19;
Auto;Mercedes-Benz;GLC;GLC (X253);2015;2022;5x112;66,6;M14x1,5 Schraube;32;45;vorne + hinten;7,5Jx18;;235/60 R18;
Auto;Mercedes-Benz;GLC;GLC (X253);2015;2022;5x112;66,6;M14x1,5 Schraube;32;45;vorne + hinten;8Jx19;;235/55 R19;
Auto;Mercedes-Benz;GLC;GLC (X253);2015;2022;5x112;66,6;M14x1,5 Schraube;32;45;vorne;8Jx20;;255/45 R20;
Auto;Mercedes-Benz;GLC;GLC (X253);2015;2022;5x112;66,6;M14x1,5 Schraube;32;45;hinten;9Jx20;;285/40 R20;
Auto;Mercedes-Benz;GLC;GLC (X254);2022;aktuell;5x112;66,6;M14x1,5 Schraube;32;45;vorne + hinten;7,5Jx18;;235/60 R18;
Auto;Mercedes-Benz;GLC;GLC (X254);2022;aktuell;5x112;66,6;M14x1,5 Schraube;32;45;vorne + hinten;8Jx19;;235/55 R19;
Auto;Mercedes-Benz;GLC;GLC (X254);2022;aktuell;5x112;66,6;M14x1,5 Schraube;32;45;vorne;8Jx20;;255/45 R20;
Auto;Mercedes-Benz;GLC;GLC (X254);2022;aktuell;5x112;66,6;M14x1,5 Schraube;32;45;hinten;9Jx20;;285/40 R20;
Auto;Mercedes-Benz;V-Klasse / Vito;V-Klasse / Vito (W447);2014;aktuell;5x112;66,6;M14x1,5 Schraube;45;52;vorne + hinten;6,5Jx16;;205/65 R16C;
Auto;Mercedes-Benz;V-Klasse / Vito;V-Klasse / Vito (W447);2014;aktuell;5x112;66,6;M14x1,5 Schraube;45;52;vorne + hinten;7Jx17;;225/55 R17;
Auto;Mercedes-Benz;V-Klasse / Vito;V-Klasse / Vito (W447);2014;aktuell;5x112;66,6;M14x1,5 Schraube;45;52;vorne + hinten;7,5Jx18;;245/45 R18;
Auto;Mercedes-Benz;V-Klasse / Vito;V-Klasse / Vito (W447);2014;aktuell;5x112;66,6;M14x1,5 Schraube;45;52;vorne + hinten;7,5Jx19;;245/40 R19;
Auto;Mercedes-Benz;Sprinter;Sprinter (906/907);2006;aktuell;6x130;84,1;M14x1,5 Mutter;54;62;vorne + hinten;6,5Jx16;62;235/65 R16C;
Auto;Skoda;Fabia;Fabia III (NJ);2014;2021;5x100;57,1;M14x1,5 Schraube;35;46;vorne + hinten;6Jx15;;185/60 R15;
Auto;Skoda;Fabia;Fabia III (NJ);2014;2021;5x100;57,1;M14x1,5 Schraube;35;46;vorne + hinten;6,5Jx16;;215/45 R16;
Auto;Skoda;Fabia;Fabia III (NJ);2014;2021;5x100;57,1;M14x1,5 Schraube;35;46;vorne + hinten;7Jx17;;215/40 R17;
Auto;Skoda;Fabia;Fabia IV (PJ);2021;aktuell;5x100;57,1;M14x1,5 Schraube;38;46;vorne + hinten;6Jx15;;185/65 R15;
Auto;Skoda;Fabia;Fabia IV (PJ);2021;aktuell;5x100;57,1;M14x1,5 Schraube;38;46;vorne + hinten;6,5Jx16;;195/55 R16;
Auto;Skoda;Fabia;Fabia IV (PJ);2021;aktuell;5x100;57,1;M14x1,5 Schraube;38;46;vorne + hinten;7Jx17;;205/45 R17;
Auto;Skoda;Fabia;Fabia IV (PJ);2021;aktuell;5x100;57,1;M14x1,5 Schraube;38;46;vorne + hinten;7,5Jx18;;215/40 R18;
Auto;Skoda;Octavia;Octavia II (1Z);2004;2013;5x112;57,1;M14x1,5 Schraube;45;54;vorne + hinten;6Jx15;47;195/65 R15;
Auto;Skoda;Octavia;Octavia II (1Z);2004;2013;5x112;57,1;M14x1,5 Schraube;45;54;vorne + hinten;6,5Jx16;50;205/55 R16;
Auto;Skoda;Octavia;Octavia II (1Z);2004;2013;5x112;57,1;M14x1,5 Schraube;45;54;vorne + hinten;7Jx17;49;225/45 R17;
Auto;Skoda;Octavia;Octavia II (1Z);2004;2013;5x112;57,1;M14x1,5 Schraube;45;54;vorne + hinten;7,5Jx18;;225/40 R18;
Auto;Skoda;Octavia;Octavia III (5E);2012;2020;5x112;57,1;M14x1,5 Schraube;40;51;vorne + hinten;6Jx15;;195/65 R15;
Auto;Skoda;Octavia;Octavia III (5E);2012;2020;5x112;57,1;M14x1,5 Schraube;40;51;vorne + hinten;6,5Jx16;46;205/55 R16;
Auto;Skoda;Octavia;Octavia III (5E);2012;2020;5x112;57,1;M14x1,5 Schraube;40;51;vorne + hinten;7Jx17;49;225/45 R17;
Auto;Skoda;Octavia;Octavia III (5E);2012;2020;5x112;57,1;M14x1,5 Schraube;40;51;vorne + hinten;7,5Jx18;51;225/40 R18;
Auto;Skoda;Octavia;Octavia IV (NX);2019;aktuell;5x112;57,1;M14x1,5 Schraube;40;51;vorne + hinten;6,5Jx16;46;205/55 R16;
Auto;Skoda;Octavia;Octavia IV (NX);2019;aktuell;5x112;57,1;M14x1,5 Schraube;40;51;vorne + hinten;7Jx17;;225/45 R17;
Auto;Skoda;Octavia;Octavia IV (NX);2019;aktuell;5x112;57,1;M14x1,5 Schraube;40;51;vorne + hinten;7,5Jx18;;225/40 R18;
Auto;Skoda;Octavia;Octavia IV (NX);2019;aktuell;5x112;57,1;M14x1,5 Schraube;40;51;vorne + hinten;7,5Jx19;;225/35 R19;
Auto;Skoda;Superb;Superb III (3V);2015;2023;5x112;57,1;M14x1,5 Schraube;38;47;vorne + hinten;6,5Jx16;41;215/60 R16;
Auto;Skoda;Superb;Superb III (3V);2015;2023;5x112;57,1;M14x1,5 Schraube;38;47;vorne + hinten;7Jx17;40;215/55 R17;
Auto;Skoda;Superb;Superb III (3V);2015;2023;5x112;57,1;M14x1,5 Schraube;38;47;vorne + hinten;8Jx18;44;235/45 R18;
Auto;Skoda;Superb;Superb III (3V);2015;2023;5x112;57,1;M14x1,5 Schraube;38;47;vorne + hinten;8Jx19;44;235/40 R19;
Auto;Skoda;Kodiaq;Kodiaq (NS);2016;2023;5x112;57,1;M14x1,5 Schraube;38;45;vorne + hinten;7Jx17;;215/65 R17;
Auto;Skoda;Kodiaq;Kodiaq (NS);2016;2023;5x112;57,1;M14x1,5 Schraube;38;45;vorne + hinten;7Jx18;;235/55 R18;
Auto;Skoda;Kodiaq;Kodiaq (NS);2016;2023;5x112;57,1;M14x1,5 Schraube;38;45;vorne + hinten;8Jx19;;235/50 R19;
Auto;Skoda;Kodiaq;Kodiaq (NS);2016;2023;5x112;57,1;M14x1,5 Schraube;38;45;vorne + hinten;8Jx20;;235/45 R20;
Auto;Skoda;Karoq;Karoq (NU);2017;aktuell;5x112;57,1;M14x1,5 Schraube;38;45;vorne + hinten;6,5Jx16;;215/65 R16;
Auto;Skoda;Karoq;Karoq (NU);2017;aktuell;5x112;57,1;M14x1,5 Schraube;38;45;vorne + hinten;7Jx17;;215/60 R17;
Auto;Skoda;Karoq;Karoq (NU);2017;aktuell;5x112;57,1;M14x1,5 Schraube;38;45;vorne + hinten;7Jx18;;215/50 R18;
Auto;Skoda;Karoq;Karoq (NU);2017;aktuell;5x112;57,1;M14x1,5 Schraube;38;45;vorne + hinten;7,5Jx19;;225/45 R19;
Auto;Skoda;Enyaq;Enyaq (5A);2020;aktuell;5x112;57,1;M14x1,5 Schraube;;;vorne;7,5Jx19;;235/55 R19;Mischbereifung vorne/hinten
Auto;Skoda;Enyaq;Enyaq (5A);2020;aktuell;5x112;57,1;M14x1,5 Schraube;;;hinten;8Jx19;;255/50 R19;Mischbereifung vorne/hinten
Auto;Skoda;Enyaq;Enyaq (5A);2020;aktuell;5x112;57,1;M14x1,5 Schraube;;;vorne;8Jx20;;235/45 R20;Mischbereifung vorne/hinten
Auto;Skoda;Enyaq;Enyaq (5A);2020;aktuell;5x112;57,1;M14x1,5 Schraube;;;hinten;8,5Jx20;;255/40 R20;Mischbereifung vorne/hinten
Auto;Skoda;Enyaq;Enyaq (5A);2020;aktuell;5x112;57,1;M14x1,5 Schraube;;;vorne;8Jx21;;235/45 R21;Mischbereifung vorne/hinten
Auto;Skoda;Enyaq;Enyaq (5A);2020;aktuell;5x112;57,1;M14x1,5 Schraube;;;hinten;9Jx21;;255/40 R21;Mischbereifung vorne/hinten
Auto;Seat;Ibiza;Ibiza IV (6J);2008;2017;5x100;57,1;M14x1,5 Schraube;35;46;vorne + hinten;6Jx15;;185/60 R15;
Auto;Seat;Ibiza;Ibiza IV (6J);2008;2017;5x100;57,1;M14x1,5 Schraube;35;46;vorne + hinten;7Jx16;;215/45 R16;
Auto;Seat;Ibiza;Ibiza IV (6J);2008;2017;5x100;57,1;M14x1,5 Schraube;35;46;vorne + hinten;7Jx17;;215/40 R17;
Auto;Seat;Ibiza;Ibiza V (KJ);2017;aktuell;5x100;57,1;M14x1,5 Schraube;38;51;vorne + hinten;6Jx15;;185/65 R15;
Auto;Seat;Ibiza;Ibiza V (KJ);2017;aktuell;5x100;57,1;M14x1,5 Schraube;38;51;vorne + hinten;6,5Jx16;;195/55 R16;
Auto;Seat;Ibiza;Ibiza V (KJ);2017;aktuell;5x100;57,1;M14x1,5 Schraube;38;51;vorne + hinten;7Jx17;;215/45 R17;
Auto;Seat;Ibiza;Ibiza V (KJ);2017;aktuell;5x100;57,1;M14x1,5 Schraube;38;51;vorne + hinten;7,5Jx18;;215/40 R18;
Auto;Seat;Leon;Leon II (1P);2005;2012;5x112;57,1;M14x1,5 Schraube;45;54;vorne + hinten;6,5Jx16;;205/55 R16;
Auto;Seat;Leon;Leon II (1P);2005;2012;5x112;57,1;M14x1,5 Schraube;45;54;vorne + hinten;7Jx17;;225/45 R17;
Auto;Seat;Leon;Leon II (1P);2005;2012;5x112;57,1;M14x1,5 Schraube;45;54;vorne + hinten;7,5Jx18;;225/40 R18;
Auto;Seat;Leon;Leon III (5F);2012;2020;5x112;57,1;M14x1,5 Schraube;40;51;vorne + hinten;6,5Jx16;;205/55 R16;
Auto;Seat;Leon;Leon III (5F);2012;2020;5x112;57,1;M14x1,5 Schraube;40;51;vorne + hinten;7Jx17;;225/45 R17;
Auto;Seat;Leon;Leon III (5F);2012;2020;5x112;57,1;M14x1,5 Schraube;40;51;vorne + hinten;7,5Jx18;;225/40 R18;
Auto;Seat;Leon;Leon III (5F);2012;2020;5x112;57,1;M14x1,5 Schraube;40;51;vorne + hinten;8Jx19;;235/35 R19;
Auto;Seat;Leon;Leon IV (KL);2020;aktuell;5x112;57,1;M14x1,5 Schraube;40;51;vorne + hinten;6,5Jx16;;205/55 R16;
Auto;Seat;Leon;Leon IV (KL);2020;aktuell;5x112;57,1;M14x1,5 Schraube;40;51;vorne + hinten;7Jx17;;225/45 R17;
Auto;Seat;Leon;Leon IV (KL);2020;aktuell;5x112;57,1;M14x1,5 Schraube;40;51;vorne + hinten;7,5Jx18;;225/40 R18;
Auto;Seat;Leon;Leon IV (KL);2020;aktuell;5x112;57,1;M14x1,5 Schraube;40;51;vorne + hinten;8Jx19;;235/35 R19;
Auto;Seat;Ateca;Ateca (KH);2016;aktuell;5x112;57,1;M14x1,5 Schraube;38;45;vorne + hinten;6,5Jx16;;215/65 R16;
Auto;Seat;Ateca;Ateca (KH);2016;aktuell;5x112;57,1;M14x1,5 Schraube;38;45;vorne + hinten;7Jx17;;215/55 R17;
Auto;Seat;Ateca;Ateca (KH);2016;aktuell;5x112;57,1;M14x1,5 Schraube;38;45;vorne + hinten;7Jx18;;225/45 R18;
Auto;Seat;Ateca;Ateca (KH);2016;aktuell;5x112;57,1;M14x1,5 Schraube;38;45;vorne + hinten;8Jx19;;245/40 R19;
Auto;Cupra;Formentor;Formentor (KM);2020;aktuell;5x112;57,1;M14x1,5 Schraube;40;50;vorne + hinten;7,5Jx18;;245/40 R18;
Auto;Cupra;Formentor;Formentor (KM);2020;aktuell;5x112;57,1;M14x1,5 Schraube;40;50;vorne + hinten;8Jx19;;245/35 R19;
Auto;Cupra;Born;Born (K1);2021;aktuell;5x112;57,1;M14x1,5 Schraube;;;vorne + hinten;7,5Jx18;;215/55 R18;
Auto;Cupra;Born;Born (K1);2021;aktuell;5x112;57,1;M14x1,5 Schraube;;;vorne;7,5Jx19;;215/45 R19;
Auto;Cupra;Born;Born (K1);2021;aktuell;5x112;57,1;M14x1,5 Schraube;;;hinten;8,5Jx19;;235/40 R19;
Auto;Cupra;Born;Born (K1);2021;aktuell;5x112;57,1;M14x1,5 Schraube;;;vorne;7,5Jx20;;215/40 R20;
Auto;Cupra;Born;Born (K1);2021;aktuell;5x112;57,1;M14x1,5 Schraube;;;hinten;8,5Jx20;;235/35 R20;
Auto;Opel;Corsa;Corsa D;2006;2014;4x100;56,6;M12x1,5 Schraube;35;44;vorne + hinten;5,5Jx14;;185/70 R14;
Auto;Opel;Corsa;Corsa D;2006;2014;4x100;56,6;M12x1,5 Schraube;35;44;vorne + hinten;6Jx15;;185/65 R15;
Auto;Opel;Corsa;Corsa D;2006;2014;4x100;56,6;M12x1,5 Schraube;35;44;vorne + hinten;6,5Jx16;;195/55 R16;
Auto;Opel;Corsa;Corsa D;2006;2014;4x100;56,6;M12x1,5 Schraube;35;44;vorne + hinten;7Jx17;;215/45 R17;
Auto;Opel;Corsa;Corsa E;2014;2019;4x100;56,6;M12x1,5 Schraube;35;44;vorne + hinten;6Jx15;;185/65 R15;
Auto;Opel;Corsa;Corsa E;2014;2019;4x100;56,6;M12x1,5 Schraube;35;44;vorne + hinten;6,5Jx16;;195/55 R16;
Auto;Opel;Corsa;Corsa E;2014;2019;4x100;56,6;M12x1,5 Schraube;35;44;vorne + hinten;7Jx17;;215/45 R17;
Auto;Opel;Corsa;Corsa F;2019;aktuell;4x108;65,1;M12x1,25 Schraube;18;30;vorne + hinten;6,5Jx16;;195/55 R16;
Auto;Opel;Corsa;Corsa F;2019;aktuell;4x108;65,1;M12x1,25 Schraube;18;30;vorne + hinten;7Jx17;;205/45 R17;
Auto;Opel;Astra;Astra H;2004;2010;5x110;65,1;M12x1,5 Schraube;35;43;vorne + hinten;6Jx15;;195/65 R15;
Auto;Opel;Astra;Astra H;2004;2010;5x110;65,1;M12x1,5 Schraube;35;43;vorne + hinten;6,5Jx16;37;205/55 R16;
Auto;Opel;Astra;Astra H;2004;2010;5x110;65,1;M12x1,5 Schraube;35;43;vorne + hinten;7Jx17;;215/45 R17;
Auto;Opel;Astra;Astra H;2004;2010;5x110;65,1;M12x1,5 Schraube;35;43;vorne + hinten;7,5Jx18;;225/40 R18;
Auto;Opel;Astra;Astra J;2009;2015;5x115;70,2;M14x1,5 Schraube;35;46;vorne + hinten;6,5Jx16;;205/60 R16;
Auto;Opel;Astra;Astra J;2009;2015;5x115;70,2;M14x1,5 Schraube;35;46;vorne + hinten;7Jx17;;225/50 R17;
Auto;Opel;Astra;Astra J;2009;2015;5x115;70,2;M14x1,5 Schraube;35;46;vorne + hinten;8Jx18;;235/45 R18;
Auto;Opel;Astra;Astra J;2009;2015;5x115;70,2;M14x1,5 Schraube;35;46;vorne + hinten;8Jx19;;235/40 R19;
Auto;Opel;Astra;Astra K;2015;2021;5x105;56,6;M14x1,5 Schraube;38;42;vorne + hinten;6,5Jx16;41;205/60 R16;
Auto;Opel;Astra;Astra K;2015;2021;5x105;56,6;M14x1,5 Schraube;38;42;vorne + hinten;7Jx17;41;225/45 R17;
Auto;Opel;Astra;Astra K;2015;2021;5x105;56,6;M14x1,5 Schraube;38;42;vorne + hinten;7,5Jx18;;225/40 R18;
Auto;Opel;Astra;Astra L;2021;aktuell;5x108;65,1;M14x1,25 Schraube;35;47;vorne + hinten;7Jx16;;205/60 R16;
Auto;Opel;Astra;Astra L;2021;aktuell;5x108;65,1;M14x1,25 Schraube;35;47;vorne + hinten;7,5Jx17;;225/45 R17;
Auto;Opel;Astra;Astra L;2021;aktuell;5x108;65,1;M14x1,25 Schraube;35;47;vorne + hinten;7,5Jx18;;225/40 R18;
Auto;Opel;Insignia;Insignia A;2008;2017;5x120;67,1;M14x1,5 Schraube;35;41;vorne + hinten;7Jx16;;215/60 R16;
Auto;Opel;Insignia;Insignia A;2008;2017;5x120;67,1;M14x1,5 Schraube;35;41;vorne + hinten;8Jx17;;225/55 R17;
Auto;Opel;Insignia;Insignia A;2008;2017;5x120;67,1;M14x1,5 Schraube;35;41;vorne + hinten;8Jx18;;245/45 R18;
Auto;Opel;Insignia;Insignia A;2008;2017;5x120;67,1;M14x1,5 Schraube;35;41;vorne + hinten;8,5Jx19;;245/40 R19;
Auto;Opel;Insignia;Insignia B;2017;2022;5x115;70,2;M14x1,5 Schraube;38;46;vorne + hinten;7Jx17;;225/55 R17;
Auto;Opel;Insignia;Insignia B;2017;2022;5x115;70,2;M14x1,5 Schraube;38;46;vorne + hinten;8Jx18;;245/45 R18;
Auto;Opel;Insignia;Insignia B;2017;2022;5x115;70,2;M14x1,5 Schraube;38;46;vorne + hinten;8,5Jx20;;245/35 R20;
Auto;Opel;Zafira;Zafira C (Tourer);2011;2019;5x115;70,2;M14x1,5 Schraube;38;46;vorne + hinten;6,5Jx16;;215/60 R16;
Auto;Opel;Zafira;Zafira C (Tourer);2011;2019;5x115;70,2;M14x1,5 Schraube;38;46;vorne + hinten;7Jx17;;225/50 R17;
Auto;Opel;Zafira;Zafira C (Tourer);2011;2019;5x115;70,2;M14x1,5 Schraube;38;46;vorne + hinten;8Jx18;;235/45 R18;
Auto;Ford;Fiesta;Fiesta VI (JA8);2008;2017;4x108;63,4;M12x1,5 Mutter;37;47;vorne + hinten;5,5Jx14;;175/65 R14;
Auto;Ford;Fiesta;Fiesta VI (JA8);2008;2017;4x108;63,4;M12x1,5 Mutter;37;47;vorne + hinten;6Jx15;;195/60 R15;
Auto;Ford;Fiesta;Fiesta VI (JA8);2008;2017;4x108;63,4;M12x1,5 Mutter;37;47;vorne + hinten;6,5Jx16;;195/50 R16;
Auto;Ford;Fiesta;Fiesta VI (JA8);2008;2017;4x108;63,4;M12x1,5 Mutter;37;47;vorne + hinten;7Jx17;;205/40 R17;
Auto;Ford;Fiesta;Fiesta VII (JHH);2017;2023;4x108;63,4;M12x1,5 Mutter;37;47;vorne + hinten;6Jx15;;195/60 R15;
Auto;Ford;Fiesta;Fiesta VII (JHH);2017;2023;4x108;63,4;M12x1,5 Mutter;37;47;vorne + hinten;6,5Jx16;;195/55 R16;
Auto;Ford;Fiesta;Fiesta VII (JHH);2017;2023;4x108;63,4;M12x1,5 Mutter;37;47;vorne + hinten;7Jx17;;205/45 R17;
Auto;Ford;Fiesta;Fiesta VII (JHH);2017;2023;4x108;63,4;M12x1,5 Mutter;37;47;vorne + hinten;7,5Jx18;;205/40 R18;
Auto;Ford;Focus;Focus II;2004;2011;5x108;63,4;M12x1,5 Mutter;47;55;vorne + hinten;6,5Jx16;;205/55 R16;
Auto;Ford;Focus;Focus II;2004;2011;5x108;63,4;M12x1,5 Mutter;47;55;vorne + hinten;7Jx17;;205/50 R17;
Auto;Ford;Focus;Focus II;2004;2011;5x108;63,4;M12x1,5 Mutter;47;55;vorne + hinten;8Jx18;55;225/40 R18;
Auto;Ford;Focus;Focus III;2011;2018;5x108;63,4;M12x1,5 Mutter;47;55;vorne + hinten;6,5Jx15;;195/65 R15;
Auto;Ford;Focus;Focus III;2011;2018;5x108;63,4;M12x1,5 Mutter;47;55;vorne + hinten;7Jx16;50;205/60 R16;
Auto;Ford;Focus;Focus III;2011;2018;5x108;63,4;M12x1,5 Mutter;47;55;vorne + hinten;7Jx17;50;215/50 R17;
Auto;Ford;Focus;Focus III;2011;2018;5x108;63,4;M12x1,5 Mutter;47;55;vorne + hinten;8Jx18;55;235/40 R18;
Auto;Ford;Focus;Focus III;2011;2018;5x108;63,4;M12x1,5 Mutter;47;55;vorne + hinten;8Jx19;55;235/35 R19;
Auto;Ford;Focus;Focus IV;2018;aktuell;5x108;63,4;M12x1,5 Mutter;45;55;vorne + hinten;6,5Jx16;;205/60 R16;
Auto;Ford;Focus;Focus IV;2018;aktuell;5x108;63,4;M12x1,5 Mutter;45;55;vorne + hinten;7Jx17;;215/50 R17;
Auto;Ford;Focus;Focus IV;2018;aktuell;5x108;63,4;M12x1,5 Mutter;45;55;vorne + hinten;7,5Jx18;;235/40 R18;
Auto;Ford;Focus;Focus IV;2018;aktuell;5x108;63,4;M12x1,5 Mutter;45;55;vorne + hinten;8Jx19;;235/35 R19;
Auto;Ford;Mondeo;Mondeo IV;2007;2014;5x108;63,4;M12x1,5 Mutter;44;55;vorne + hinten;7,5Jx16;;215/60 R16;
Auto;Ford;Mondeo;Mondeo IV;2007;2014;5x108;63,4;M12x1,5 Mutter;44;55;vorne + hinten;7,5Jx17;;235/45 R17;
Auto;Ford;Mondeo;Mondeo IV;2007;2014;5x108;63,4;M12x1,5 Mutter;44;55;vorne + hinten;8Jx18;;235/40 R18;
Auto;Ford;Mondeo;Mondeo V;2014;2022;5x108;63,4;M12x1,5 Mutter;44;55;vorne + hinten;7,5Jx16;;215/60 R16;
Auto;Ford;Mondeo;Mondeo V;2014;2022;5x108;63,4;M12x1,5 Mutter;44;55;vorne + hinten;7,5Jx17;;235/50 R17;
Auto;Ford;Mondeo;Mondeo V;2014;2022;5x108;63,4;M12x1,5 Mutter;44;55;vorne + hinten;8Jx18;;235/45 R18;
Auto;Ford;Mondeo;Mondeo V;2014;2022;5x108;63,4;M12x1,5 Mutter;44;55;vorne + hinten;8Jx19;;235/40 R19;
Auto;Ford;Kuga;Kuga II;2012;2019;5x108;63,4;M12x1,5 Mutter;45;52;vorne + hinten;7Jx17;;235/55 R17;
Auto;Ford;Kuga;Kuga II;2012;2019;5x108;63,4;M12x1,5 Mutter;45;52;vorne + hinten;7,5Jx18;;235/50 R18;
Auto;Ford;Kuga;Kuga II;2012;2019;5x108;63,4;M12x1,5 Mutter;45;52;vorne + hinten;8Jx19;;235/45 R19;
Auto;Ford;Kuga;Kuga III;2019;aktuell;5x108;63,4;M12x1,5 Mutter;45;52;vorne + hinten;7Jx17;;225/65 R17;
Auto;Ford;Kuga;Kuga III;2019;aktuell;5x108;63,4;M12x1,5 Mutter;45;52;vorne + hinten;7,5Jx18;;225/60 R18;
Auto;Ford;Kuga;Kuga III;2019;aktuell;5x108;63,4;M12x1,5 Mutter;45;52;vorne + hinten;8Jx19;;235/50 R19;
Auto;Ford;Puma;Puma (J2K);2019;aktuell;4x108;63,4;M12x1,5 Mutter;37;47;vorne + hinten;7Jx17;;215/55 R17;
Auto;Ford;Puma;Puma (J2K);2019;aktuell;4x108;63,4;M12x1,5 Mutter;37;47;vorne + hinten;7,5Jx18;;225/45 R18;
Auto;Ford;Puma;Puma (J2K);2019;aktuell;4x108;63,4;M12x1,5 Mutter;37;47;vorne + hinten;8Jx19;;225/40 R19;
Auto;Ford;Transit Custom;Transit Custom;2012;2023;5x160;65,1;M14x1,5 Mutter;55;62;vorne + hinten;6,5Jx16;60;215/65 R16C;
Auto;Ford;Transit Custom;Transit Custom;2012;2023;5x160;65,1;M14x1,5 Mutter;55;62;vorne + hinten;7,5Jx17;;235/55 R17;
Auto;Toyota;Aygo;Aygo (B10/B40);2005;2022;4x100;54,1;M12x1,5 Mutter;35;45;vorne + hinten;4,5Jx14;;155/65 R14;
Auto;Toyota;Aygo;Aygo (B10/B40);2005;2022;4x100;54,1;M12x1,5 Mutter;35;45;vorne + hinten;5Jx15;;165/60 R15;
Auto;Toyota;Yaris;Yaris III (XP13);2011;2020;4x100;54,1;M12x1,5 Mutter;39;45;vorne + hinten;5,5Jx15;;175/65 R15;
Auto;Toyota;Yaris;Yaris III (XP13);2011;2020;4x100;54,1;M12x1,5 Mutter;39;45;vorne + hinten;6Jx16;;195/50 R16;
Auto;Toyota;Corolla;Auris II (E18);2012;2018;5x114.3;60,1;M12x1,5 Mutter;39;45;vorne + hinten;6,5Jx16;;205/55 R16;
Auto;Toyota;Corolla;Auris II (E18);2012;2018;5x114.3;60,1;M12x1,5 Mutter;39;45;vorne + hinten;7Jx17;;225/45 R17;
Auto;Toyota;Corolla;Corolla (E21);2018;aktuell;5x114.3;60,1;M12x1,5 Mutter;40;45;vorne + hinten;6,5Jx16;;205/55 R16;
Auto;Toyota;Corolla;Corolla (E21);2018;aktuell;5x114.3;60,1;M12x1,5 Mutter;40;45;vorne + hinten;7,5Jx17;;225/45 R17;
Auto;Toyota;Corolla;Corolla (E21);2018;aktuell;5x114.3;60,1;M12x1,5 Mutter;40;45;vorne + hinten;8Jx18;;225/40 R18;
Auto;Toyota;C-HR;C-HR (X10);2016;2023;5x114.3;60,1;M12x1,5 Mutter;40;50;vorne + hinten;6,5Jx17;;215/60 R17;
Auto;Toyota;C-HR;C-HR (X10);2016;2023;5x114.3;60,1;M12x1,5 Mutter;40;50;vorne + hinten;7Jx18;;225/50 R18;
Auto;Toyota;RAV4;RAV4 IV (XA40);2013;2018;5x114.3;60,1;M12x1,5 Mutter;35;45;vorne + hinten;7Jx17;;225/65 R17;
Auto;Toyota;RAV4;RAV4 IV (XA40);2013;2018;5x114.3;60,1;M12x1,5 Mutter;35;45;vorne + hinten;7,5Jx18;;235/55 R18;
Auto;Toyota;RAV4;RAV4 V (XA50);2018;aktuell;5x114.3;60,1;M12x1,5 Mutter;35;45;vorne + hinten;7Jx17;;225/65 R17;
Auto;Toyota;RAV4;RAV4 V (XA50);2018;aktuell;5x114.3;60,1;M12x1,5 Mutter;35;45;vorne + hinten;7Jx18;;225/60 R18;
Auto;Toyota;RAV4;RAV4 V (XA50);2018;aktuell;5x114.3;60,1;M12x1,5 Mutter;35;45;vorne + hinten;7,5Jx19;;235/55 R19;
Auto;Toyota;Hilux;Hilux (AN120/AN130);2015;aktuell;6x139.7;106,1;M12x1,5 Mutter;25;30;vorne + hinten;7Jx17;;265/65 R17;
Auto;Toyota;Hilux;Hilux (AN120/AN130);2015;aktuell;6x139.7;106,1;M12x1,5 Mutter;25;30;vorne + hinten;7,5Jx18;;265/60 R18;
Auto;Renault;Clio;Clio IV;2012;2019;4x100;60,1;M12x1,5 Schraube;35;45;vorne + hinten;6Jx15;;185/65 R15;
Auto;Renault;Clio;Clio IV;2012;2019;4x100;60,1;M12x1,5 Schraube;35;45;vorne + hinten;6,5Jx16;;195/55 R16;
Auto;Renault;Clio;Clio IV;2012;2019;4x100;60,1;M12x1,5 Schraube;35;45;vorne + hinten;7Jx17;;205/45 R17;
Auto;Renault;Clio;Clio V;2019;aktuell;4x100;60,1;M12x1,5 Schraube;35;45;vorne + hinten;6Jx16;;195/55 R16;
Auto;Renault;Clio;Clio V;2019;aktuell;4x100;60,1;M12x1,5 Schraube;35;45;vorne + hinten;7Jx17;;205/45 R17;
Auto;Renault;Megane;Mégane III;2008;2016;5x114.3;66,1;M12x1,5 Schraube;40;50;vorne + hinten;6,5Jx16;;205/55 R16;
Auto;Renault;Megane;Mégane III;2008;2016;5x114.3;66,1;M12x1,5 Schraube;40;50;vorne + hinten;7Jx17;;225/45 R17;
Auto;Renault;Megane;Mégane III;2008;2016;5x114.3;66,1;M12x1,5 Schraube;40;50;vorne + hinten;7,5Jx18;;225/40 R18;
Auto;Renault;Megane;Mégane IV;2016;2022;5x114.3;66,1;M12x1,5 Schraube;40;50;vorne + hinten;6,5Jx16;;205/55 R16;
Auto;Renault;Megane;Mégane IV;2016;2022;5x114.3;66,1;M12x1,5 Schraube;40;50;vorne + hinten;7Jx17;;205/50 R17;
Auto;Renault;Megane;Mégane IV;2016;2022;5x114.3;66,1;M12x1,5 Schraube;40;50;vorne + hinten;7,5Jx18;;225/40 R18;
Auto;Renault;Captur;Captur I;2013;2019;4x100;60,1;M12x1,5 Schraube;36;45;vorne + hinten;6Jx16;;205/60 R16;
Auto;Renault;Captur;Captur I;2013;2019;4x100;60,1;M12x1,5 Schraube;36;45;vorne + hinten;7Jx17;;205/55 R17;
Auto;Renault;Kadjar;Kadjar;2015;2022;5x114.3;66,1;M12x1,5 Schraube;40;50;vorne + hinten;6,5Jx16;;215/65 R16;
Auto;Renault;Kadjar;Kadjar;2015;2022;5x114.3;66,1;M12x1,5 Schraube;40;50;vorne + hinten;7Jx17;;215/60 R17;
Auto;Renault;Kadjar;Kadjar;2015;2022;5x114.3;66,1;M12x1,5 Schraube;40;50;vorne + hinten;7Jx19;;225/45 R19;
Auto;Renault;Zoe;Zoe;2012;2024;4x100;60,1;M12x1,5 Schraube;36;45;vorne + hinten;6Jx15;;185/65 R15;
Auto;Renault;Zoe;Zoe;2012;2024;4x100;60,1;M12x1,5 Schraube;36;45;vorne + hinten;6,5Jx16;;195/55 R16;
Auto;Renault;Zoe;Zoe;2012;2024;4x100;60,1;M12x1,5 Schraube;36;45;vorne + hinten;7Jx17;;205/45 R17;
Auto;Renault;Trafic;Trafic III;2014;aktuell;5x118;71,1;M14x1,5 Schraube;40;50;vorne + hinten;6,5Jx16;;215/65 R16C;
Auto;Renault;Trafic;Trafic III;2014;aktuell;5x118;71,1;M14x1,5 Schraube;40;50;vorne + hinten;7Jx17;;215/60 R17C;
Auto;Dacia;Sandero;Sandero II;2012;2020;4x100;60,1;M12x1,5 Schraube;36;50;vorne + hinten;6Jx15;;185/65 R15;
Auto;Dacia;Sandero;Sandero II;2012;2020;4x100;60,1;M12x1,5 Schraube;36;50;vorne + hinten;6Jx16;;205/55 R16;
Auto;Dacia;Sandero;Sandero III;2020;aktuell;4x100;60,1;M12x1,5 Schraube;36;50;vorne + hinten;6Jx15;;185/65 R15;
Auto;Dacia;Sandero;Sandero III;2020;aktuell;4x100;60,1;M12x1,5 Schraube;36;50;vorne + hinten;6,5Jx16;;205/60 R16;
Auto;Dacia;Duster;Duster II;2017;2024;5x114.3;66,1;M12x1,5 Schraube;40;50;vorne + hinten;6,5Jx16;;215/65 R16;
Auto;Dacia;Duster;Duster II;2017;2024;5x114.3;66,1;M12x1,5 Schraube;40;50;vorne + hinten;7Jx17;;215/60 R17;
Auto;Peugeot;208;208 I;2012;2019;4x108;65,1;M12x1,25 Schraube;15;30;vorne + hinten;6Jx15;;185/65 R15;
Auto;Peugeot;208;208 I;2012;2019;4x108;65,1;M12x1,25 Schraube;15;30;vorne + hinten;6,5Jx16;;195/55 R16;
Auto;Peugeot;208;208 I;2012;2019;4x108;65,1;M12x1,25 Schraube;15;30;vorne + hinten;7Jx17;;205/45 R17;
Auto;Peugeot;208;208 II;2019;aktuell;4x108;65,1;M12x1,25 Schraube;18;30;vorne + hinten;6,5Jx16;;195/55 R16;
Auto;Peugeot;208;208 II;2019;aktuell;4x108;65,1;M12x1,25 Schraube;18;30;vorne + hinten;7Jx17;;205/45 R17;
Auto;Peugeot;2008;2008 I;2013;2019;4x108;65,1;M12x1,25 Schraube;15;30;vorne + hinten;6,5Jx16;;195/60 R16;
Auto;Peugeot;2008;2008 I;2013;2019;4x108;65,1;M12x1,25 Schraube;15;30;vorne + hinten;7Jx17;;205/50 R17;
Auto;Citroën;C3;C3 III;2016;2024;4x108;65,1;M12x1,25 Schraube;15;30;vorne + hinten;6Jx15;;185/65 R15;
Auto;Citroën;C3;C3 III;2016;2024;4x108;65,1;M12x1,25 Schraube;15;30;vorne + hinten;6,5Jx16;;205/55 R16;
Auto;Citroën;C3;C3 III;2016;2024;4x108;65,1;M12x1,25 Schraube;15;30;vorne + hinten;7Jx17;;205/50 R17;
Auto;Fiat;500;500 (312);2007;2024;4x98;58,1;M12x1,25 Schraube;35;35;vorne + hinten;5,5Jx14;35;175/65 R14;
Auto;Fiat;500;500 (312);2007;2024;4x98;58,1;M12x1,25 Schraube;35;35;vorne + hinten;6Jx15;35;185/55 R15;
Auto;Fiat;500;500 (312);2007;2024;4x98;58,1;M12x1,25 Schraube;35;35;vorne + hinten;6,5Jx16;35;195/45 R16;
Auto;Fiat;Panda;Panda III (319);2012;aktuell;4x98;58,1;M12x1,25 Schraube;35;40;vorne + hinten;5,5Jx14;;175/65 R14;
Auto;Fiat;Panda;Panda III (319);2012;aktuell;4x98;58,1;M12x1,25 Schraube;35;40;vorne + hinten;6Jx15;;185/55 R15;
Auto;Fiat;Ducato;Ducato (250/290);2006;aktuell;5x118;71,1;M16x1,5 Schraube;68;68;vorne + hinten;6Jx15;;215/70 R15C;
Auto;Fiat;Ducato;Ducato (250/290);2006;aktuell;5x118;71,1;M16x1,5 Schraube;68;68;vorne + hinten;6Jx16;;225/75 R16C;
Auto;Abarth;500 / 595 / 695;500 / 595 / 695;2008;2024;4x98;58,1;M12x1,25 Schraube;35;35;vorne + hinten;6,5Jx16;;195/45 R16;
Auto;Abarth;500 / 595 / 695;500 / 595 / 695;2008;2024;4x98;58,1;M12x1,25 Schraube;35;35;vorne + hinten;7Jx17;;205/40 R17;
Auto;Hyundai;i10;i10 (AC3);2019;aktuell;4x100;54,1;M12x1,5 Mutter;40;46;vorne + hinten;5,5Jx14;;165/65 R14;
Auto;Hyundai;i10;i10 (AC3);2019;aktuell;4x100;54,1;M12x1,5 Mutter;40;46;vorne + hinten;6Jx15;;185/55 R15;
Auto;Hyundai;i20;i20 (GB);2014;2020;4x100;54,1;M12x1,5 Mutter;40;50;vorne + hinten;5,5Jx15;;185/65 R15;
Auto;Hyundai;i20;i20 (GB);2014;2020;4x100;54,1;M12x1,5 Mutter;40;50;vorne + hinten;6Jx16;;195/55 R16;
Auto;Hyundai;i20;i20 (BC3);2020;aktuell;4x100;54,1;M12x1,5 Mutter;40;50;vorne + hinten;6Jx16;;195/55 R16;
Auto;Hyundai;i20;i20 (BC3);2020;aktuell;4x100;54,1;M12x1,5 Mutter;40;50;vorne + hinten;7Jx17;;215/45 R17;
Auto;Hyundai;i30;i30 (GD);2012;2017;5x114.3;67,1;M12x1,5 Mutter;41;51;vorne + hinten;6Jx15;;195/65 R15;
Auto;Hyundai;i30;i30 (GD);2012;2017;5x114.3;67,1;M12x1,5 Mutter;41;51;vorne + hinten;6,5Jx16;;205/55 R16;
Auto;Hyundai;i30;i30 (GD);2012;2017;5x114.3;67,1;M12x1,5 Mutter;41;51;vorne + hinten;7Jx17;;225/45 R17;
Auto;Hyundai;i30;i30 (PD);2017;aktuell;5x114.3;67,1;M12x1,5 Mutter;41;51;vorne + hinten;6,5Jx16;;205/55 R16;
Auto;Hyundai;i30;i30 (PD);2017;aktuell;5x114.3;67,1;M12x1,5 Mutter;41;51;vorne + hinten;7Jx17;;225/45 R17;
Auto;Hyundai;i30;i30 (PD);2017;aktuell;5x114.3;67,1;M12x1,5 Mutter;41;51;vorne + hinten;7,5Jx18;;225/40 R18;
Auto;Hyundai;Tucson;Tucson (TL);2015;2020;5x114.3;67,1;M12x1,5 Mutter;40;51;vorne + hinten;6,5Jx16;;215/70 R16;
Auto;Hyundai;Tucson;Tucson (TL);2015;2020;5x114.3;67,1;M12x1,5 Mutter;40;51;vorne + hinten;7Jx17;;225/60 R17;
Auto;Hyundai;Tucson;Tucson (TL);2015;2020;5x114.3;67,1;M12x1,5 Mutter;40;51;vorne + hinten;7,5Jx19;;245/45 R19;
Auto;Hyundai;Tucson;Tucson (NX4);2020;aktuell;5x114.3;67,1;M12x1,5 Mutter;40;51;vorne + hinten;7Jx17;;235/65 R17;
Auto;Hyundai;Tucson;Tucson (NX4);2020;aktuell;5x114.3;67,1;M12x1,5 Mutter;40;51;vorne + hinten;7,5Jx18;;235/55 R18;
Auto;Hyundai;Tucson;Tucson (NX4);2020;aktuell;5x114.3;67,1;M12x1,5 Mutter;40;51;vorne + hinten;7,5Jx19;;235/50 R19;
Auto;Hyundai;Kona;Kona (OS);2017;2023;5x114.3;67,1;M12x1,5 Mutter;45;51;vorne + hinten;6,5Jx16;;205/60 R16;
Auto;Hyundai;Kona;Kona (OS);2017;2023;5x114.3;67,1;M12x1,5 Mutter;45;51;vorne + hinten;7Jx17;;215/55 R17;
Auto;Hyundai;Kona;Kona (OS);2017;2023;5x114.3;67,1;M12x1,5 Mutter;45;51;vorne + hinten;7,5Jx18;;235/45 R18;
Auto;Hyundai;Ioniq 5;Ioniq 5 (NE);2021;aktuell;5x114.3;67,1;M12x1,5 Mutter;45;52;vorne + hinten;7,5Jx19;;235/55 R19;
Auto;Hyundai;Ioniq 5;Ioniq 5 (NE);2021;aktuell;5x114.3;67,1;M12x1,5 Mutter;45;52;vorne + hinten;8,5Jx20;;255/45 R20;
Auto;Kia;Picanto;Picanto (JA);2017;aktuell;4x100;54,1;M12x1,5 Mutter;35;46;vorne + hinten;5,5Jx14;;175/65 R14;
Auto;Kia;Picanto;Picanto (JA);2017;aktuell;4x100;54,1;M12x1,5 Mutter;35;46;vorne + hinten;6Jx16;;195/45 R16;
Auto;Kia;Ceed;Ceed (JD);2012;2018;5x114.3;67,1;M12x1,5 Mutter;41;51;vorne + hinten;6,5Jx16;;205/55 R16;
Auto;Kia;Ceed;Ceed (JD);2012;2018;5x114.3;67,1;M12x1,5 Mutter;41;51;vorne + hinten;7Jx17;;225/45 R17;
Auto;Kia;Ceed;Ceed (JD);2012;2018;5x114.3;67,1;M12x1,5 Mutter;41;51;vorne + hinten;7,5Jx18;;225/40 R18;
Auto;Kia;Ceed;Ceed (CD);2018;aktuell;5x114.3;67,1;M12x1,5 Mutter;41;51;vorne + hinten;6,5Jx16;;205/55 R16;
Auto;Kia;Ceed;Ceed (CD);2018;aktuell;5x114.3;67,1;M12x1,5 Mutter;41;51;vorne + hinten;7Jx17;;225/45 R17;
Auto;Kia;Ceed;Ceed (CD);2018;aktuell;5x114.3;67,1;M12x1,5 Mutter;41;51;vorne + hinten;7,5Jx18;;225/40 R18;
Auto;Kia;Sportage;Sportage (QL);2015;2021;5x114.3;67,1;M12x1,5 Mutter;40;51;vorne + hinten;6,5Jx16;;215/70 R16;
Auto;Kia;Sportage;Sportage (QL);2015;2021;5x114.3;67,1;M12x1,5 Mutter;40;51;vorne + hinten;7Jx17;;225/60 R17;
Auto;Kia;Sportage;Sportage (QL);2015;2021;5x114.3;67,1;M12x1,5 Mutter;40;51;vorne + hinten;7,5Jx19;;245/45 R19;
Auto;Kia;Sportage;Sportage (NQ5);2021;aktuell;5x114.3;67,1;M12x1,5 Mutter;40;51;vorne + hinten;7Jx17;;235/65 R17;
Auto;Kia;Sportage;Sportage (NQ5);2021;aktuell;5x114.3;67,1;M12x1,5 Mutter;40;51;vorne + hinten;7,5Jx18;;235/60 R18;
Auto;Kia;Sportage;Sportage (NQ5);2021;aktuell;5x114.3;67,1;M12x1,5 Mutter;40;51;vorne + hinten;7,5Jx19;;235/55 R19;
Auto;Kia;Niro;Niro (DE);2016;2022;5x114.3;67,1;M12x1,5 Mutter;45;51;vorne + hinten;7Jx16;;205/60 R16;
Auto;Kia;Niro;Niro (DE);2016;2022;5x114.3;67,1;M12x1,5 Mutter;45;51;vorne + hinten;7,5Jx18;;225/45 R18;
Auto;Kia;EV6;EV6 (CV);2021;aktuell;5x114.3;67,1;M12x1,5 Mutter;45;52;vorne + hinten;7,5Jx19;;235/55 R19;
Auto;Kia;EV6;EV6 (CV);2021;aktuell;5x114.3;67,1;M12x1,5 Mutter;45;52;vorne + hinten;8,5Jx20;;255/45 R20;
Auto;Mazda;Mazda2;Mazda2 (DJ);2014;aktuell;4x100;54,1;M12x1,5 Mutter;40;50;vorne + hinten;5,5Jx15;;185/65 R15;
Auto;Mazda;Mazda2;Mazda2 (DJ);2014;aktuell;4x100;54,1;M12x1,5 Mutter;40;50;vorne + hinten;6,5Jx16;;185/60 R16;
Auto;Mazda;Mazda3;Mazda3 (BM);2013;2019;5x114.3;67,1;M12x1,5 Mutter;45;52;vorne + hinten;6,5Jx16;;205/60 R16;
Auto;Mazda;Mazda3;Mazda3 (BM);2013;2019;5x114.3;67,1;M12x1,5 Mutter;45;52;vorne + hinten;7Jx18;;215/45 R18;
Auto;Mazda;Mazda3;Mazda3 (BP);2019;aktuell;5x114.3;67,1;M12x1,5 Mutter;45;52;vorne + hinten;6,5Jx16;;205/60 R16;
Auto;Mazda;Mazda3;Mazda3 (BP);2019;aktuell;5x114.3;67,1;M12x1,5 Mutter;45;52;vorne + hinten;7Jx18;;215/45 R18;
Auto;Mazda;CX-30;CX-30 (DM);2019;aktuell;5x114.3;67,1;M12x1,5 Mutter;45;52;vorne + hinten;7Jx16;;215/65 R16;
Auto;Mazda;CX-30;CX-30 (DM);2019;aktuell;5x114.3;67,1;M12x1,5 Mutter;45;52;vorne + hinten;7Jx18;;215/55 R18;
Auto;Mazda;CX-5;CX-5 (KF);2017;aktuell;5x114.3;67,1;M12x1,5 Mutter;40;50;vorne + hinten;7Jx17;;225/65 R17;
Auto;Mazda;CX-5;CX-5 (KF);2017;aktuell;5x114.3;67,1;M12x1,5 Mutter;40;50;vorne + hinten;7Jx19;;225/55 R19;
Auto;Mazda;MX-5;MX-5 (ND);2015;aktuell;4x100;54,1;M12x1,5 Mutter;40;50;vorne + hinten;6,5Jx16;;195/50 R16;
Auto;Mazda;MX-5;MX-5 (ND);2015;aktuell;4x100;54,1;M12x1,5 Mutter;40;50;vorne + hinten;7Jx17;;205/45 R17;
Auto;Nissan;Micra;Micra (K14);2017;aktuell;4x100;60,1;M12x1,5 Mutter;40;50;vorne + hinten;6Jx15;;185/65 R15;
Auto;Nissan;Micra;Micra (K14);2017;aktuell;4x100;60,1;M12x1,5 Mutter;40;50;vorne + hinten;6,5Jx16;;195/55 R16;
Auto;Nissan;Micra;Micra (K14);2017;aktuell;4x100;60,1;M12x1,5 Mutter;40;50;vorne + hinten;7Jx17;;205/45 R17;
Auto;Nissan;Juke;Juke (F15);2010;2019;5x114.3;66,1;M12x1,5 Mutter;40;47;vorne + hinten;6,5Jx16;;205/60 R16;
Auto;Nissan;Juke;Juke (F15);2010;2019;5x114.3;66,1;M12x1,5 Mutter;40;47;vorne + hinten;7Jx17;;215/55 R17;
Auto;Nissan;Qashqai;Qashqai (J11);2013;2021;5x114.3;66,1;M12x1,5 Mutter;40;47;vorne + hinten;6,5Jx16;;215/65 R16;
Auto;Nissan;Qashqai;Qashqai (J11);2013;2021;5x114.3;66,1;M12x1,5 Mutter;40;47;vorne + hinten;7Jx17;;215/60 R17;
Auto;Nissan;Qashqai;Qashqai (J11);2013;2021;5x114.3;66,1;M12x1,5 Mutter;40;47;vorne + hinten;7Jx18;;215/55 R18;
Auto;Nissan;Qashqai;Qashqai (J11);2013;2021;5x114.3;66,1;M12x1,5 Mutter;40;47;vorne + hinten;7Jx19;;225/45 R19;
Auto;Nissan;Qashqai;Qashqai (J12);2021;aktuell;5x114.3;66,1;M12x1,5 Mutter;40;47;vorne + hinten;7Jx17;;215/65 R17;
Auto;Nissan;Qashqai;Qashqai (J12);2021;aktuell;5x114.3;66,1;M12x1,5 Mutter;40;47;vorne + hinten;7Jx18;;235/55 R18;
Auto;Nissan;Qashqai;Qashqai (J12);2021;aktuell;5x114.3;66,1;M12x1,5 Mutter;40;47;vorne + hinten;7,5Jx19;;235/50 R19;
Auto;Nissan;Qashqai;Qashqai (J12);2021;aktuell;5x114.3;66,1;M12x1,5 Mutter;40;47;vorne + hinten;7,5Jx20;;235/45 R20;
Auto;Nissan;Leaf;Leaf (ZE1);2017;aktuell;5x114.3;66,1;M12x1,5 Mutter;40;47;vorne + hinten;6,5Jx16;;205/55 R16;
Auto;Nissan;Leaf;Leaf (ZE1);2017;aktuell;5x114.3;66,1;M12x1,5 Mutter;40;47;vorne + hinten;6,5Jx17;;215/50 R17;
Auto;Honda;Civic;Civic X (FK);2017;2021;5x114.3;64,1;M12x1,5 Mutter;45;55;vorne + hinten;7Jx16;;215/55 R16;
Auto;Honda;Civic;Civic X (FK);2017;2021;5x114.3;64,1;M12x1,5 Mutter;45;55;vorne + hinten;7Jx17;;235/45 R17;
Auto;Honda;Civic;Civic X (FK);2017;2021;5x114.3;64,1;M12x1,5 Mutter;45;55;vorne + hinten;8Jx18;;235/40 R18;
Auto;Honda;Civic;Civic XI (FL);2021;aktuell;5x114.3;64,1;M12x1,5 Mutter;45;55;vorne + hinten;7,5Jx18;;235/40 R18;
Auto;Honda;HR-V;HR-V (RU);2015;2021;5x114.3;64,1;M12x1,5 Mutter;45;55;vorne + hinten;7Jx17;;215/55 R17;
Auto;Honda;CR-V;CR-V V (RW);2017;2023;5x114.3;64,1;M12x1,5 Mutter;40;50;vorne + hinten;7Jx18;;235/60 R18;
Auto;Honda;CR-V;CR-V V (RW);2017;2023;5x114.3;64,1;M12x1,5 Mutter;40;50;vorne + hinten;7,5Jx19;;235/55 R19;
Auto;Tesla;Model 3;Model 3;2017;aktuell;5x114.3;64,1;M14x1,5 Mutter;34;40;vorne + hinten;8,5Jx18;40;235/45 R18;
Auto;Tesla;Model 3;Model 3;2017;aktuell;5x114.3;64,1;M14x1,5 Mutter;34;40;vorne + hinten;8,5Jx19;35;235/40 R19;
Auto;Tesla;Model 3;Model 3;2017;aktuell;5x114.3;64,1;M14x1,5 Mutter;34;40;vorne + hinten;8,5Jx20;35;235/35 R20;
Auto;Tesla;Model Y;Model Y;2020;aktuell;5x114.3;64,1;M14x1,5 Mutter;40;45;vorne + hinten;9,5Jx19;45;255/45 R19;
Auto;Tesla;Model Y;Model Y;2020;aktuell;5x114.3;64,1;M14x1,5 Mutter;40;45;vorne + hinten;9,5Jx20;;255/40 R20;
Auto;Tesla;Model Y;Model Y;2020;aktuell;5x114.3;64,1;M14x1,5 Mutter;40;45;vorne;9,5Jx21;;255/35 R21;
Auto;Tesla;Model Y;Model Y;2020;aktuell;5x114.3;64,1;M14x1,5 Mutter;40;45;hinten;10,5Jx21;;275/35 R21;
Auto;Tesla;Model S;Model S;2012;aktuell;5x120;64,1;M14x1,5 Mutter;35;40;vorne + hinten;8,5Jx19;;245/45 R19;
Auto;Tesla;Model S;Model S;2012;aktuell;5x120;64,1;M14x1,5 Mutter;35;40;vorne;9Jx21;;245/35 R21;
Auto;Tesla;Model S;Model S;2012;aktuell;5x120;64,1;M14x1,5 Mutter;35;40;hinten;9Jx21;;265/35 R21;
Auto;Volvo;V40;V40 (525/526);2012;2019;5x108;63,4;M14x1,5 Schraube;49;55;vorne + hinten;7Jx16;;205/55 R16;
Auto;Volvo;V40;V40 (525/526);2012;2019;5x108;63,4;M14x1,5 Schraube;49;55;vorne + hinten;7Jx17;;225/45 R17;
Auto;Volvo;V40;V40 (525/526);2012;2019;5x108;63,4;M14x1,5 Schraube;49;55;vorne + hinten;8Jx18;;225/40 R18;
Auto;Volvo;V60 / S60;V60 / S60 II;2018;aktuell;5x108;63,4;M14x1,5 Schraube;42;50;vorne + hinten;7Jx17;;225/50 R17;
Auto;Volvo;V60 / S60;V60 / S60 II;2018;aktuell;5x108;63,4;M14x1,5 Schraube;42;50;vorne + hinten;7,5Jx18;;235/45 R18;
Auto;Volvo;V60 / S60;V60 / S60 II;2018;aktuell;5x108;63,4;M14x1,5 Schraube;42;50;vorne + hinten;8Jx19;;235/40 R19;
Auto;Volvo;XC40;XC40;2017;aktuell;5x108;63,4;M14x1,5 Schraube;42;50;vorne + hinten;7,5Jx18;;235/55 R18;
Auto;Volvo;XC40;XC40;2017;aktuell;5x108;63,4;M14x1,5 Schraube;42;50;vorne + hinten;8Jx19;;235/50 R19;
Auto;Volvo;XC40;XC40;2017;aktuell;5x108;63,4;M14x1,5 Schraube;42;50;vorne + hinten;8Jx20;;245/45 R20;
Auto;Volvo;XC60;XC60 II;2017;aktuell;5x108;63,4;M14x1,5 Schraube;38;50;vorne + hinten;7,5Jx18;;235/60 R18;
Auto;Volvo;XC60;XC60 II;2017;aktuell;5x108;63,4;M14x1,5 Schraube;38;50;vorne + hinten;8Jx19;;235/55 R19;
Auto;Volvo;XC60;XC60 II;2017;aktuell;5x108;63,4;M14x1,5 Schraube;38;50;vorne + hinten;8,5Jx20;;255/45 R20;
Auto;Volvo;XC90;XC90 II;2014;aktuell;5x108;63,4;M14x1,5 Schraube;38;50;vorne + hinten;8Jx19;;235/55 R19;
Auto;Volvo;XC90;XC90 II;2014;aktuell;5x108;63,4;M14x1,5 Schraube;38;50;vorne + hinten;8,5Jx20;;275/45 R20;
Auto;Volvo;XC90;XC90 II;2014;aktuell;5x108;63,4;M14x1,5 Schraube;38;50;vorne + hinten;9Jx21;;275/40 R21;
Auto;Polestar;2;Polestar 2;2019;aktuell;5x108;63,4;M14x1,5 Schraube;40;50;vorne + hinten;8Jx19;;245/45 R19;
Auto;Polestar;2;Polestar 2;2019;aktuell;5x108;63,4;M14x1,5 Schraube;40;50;vorne + hinten;8Jx20;;245/40 R20;
Auto;Porsche;911;911 (991);2011;2019;5x130;71,6;M14x1,5 Schraube;45;60;vorne;8,5Jx19;56;235/40 R19;Gilt nicht für Modelle mit Zentralverschluss (GT3, Turbo S)
Auto;Porsche;911;911 (991);2011;2019;5x130;71,6;M14x1,5 Schraube;45;60;hinten;11Jx19;51;285/35 R19;Gilt nicht für Modelle mit Zentralverschluss (GT3, Turbo S)
Auto;Porsche;911;911 (991);2011;2019;5x130;71,6;M14x1,5 Schraube;45;60;vorne;8,5Jx20;51;245/35 R20;Gilt nicht für Modelle mit Zentralverschluss (GT3, Turbo S)
Auto;Porsche;911;911 (991);2011;2019;5x130;71,6;M14x1,5 Schraube;45;60;hinten;11Jx20;52;295/30 R20;Gilt nicht für Modelle mit Zentralverschluss (GT3, Turbo S)
Auto;Porsche;Macan;Macan (95B);2014;2024;5x112;66,5;M14x1,5 Schraube;19;26;vorne;8Jx18;21;235/60 R18;
Auto;Porsche;Macan;Macan (95B);2014;2024;5x112;66,5;M14x1,5 Schraube;19;26;hinten;9Jx18;21;255/55 R18;
Auto;Porsche;Macan;Macan (95B);2014;2024;5x112;66,5;M14x1,5 Schraube;19;26;vorne;8,5Jx19;21;235/55 R19;
Auto;Porsche;Macan;Macan (95B);2014;2024;5x112;66,5;M14x1,5 Schraube;19;26;hinten;9Jx19;21;255/50 R19;
Auto;Porsche;Macan;Macan (95B);2014;2024;5x112;66,5;M14x1,5 Schraube;19;26;vorne;9Jx20;26;265/45 R20;
Auto;Porsche;Macan;Macan (95B);2014;2024;5x112;66,5;M14x1,5 Schraube;19;26;hinten;10Jx20;19;295/40 R20;
Auto;Porsche;Cayenne;Cayenne (9Y);2017;aktuell;5x130;71,6;M14x1,5 Schraube;40;60;vorne;8,5Jx19;;255/55 R19;
Auto;Porsche;Cayenne;Cayenne (9Y);2017;aktuell;5x130;71,6;M14x1,5 Schraube;40;60;hinten;9,5Jx19;;275/50 R19;
Auto;Porsche;Cayenne;Cayenne (9Y);2017;aktuell;5x130;71,6;M14x1,5 Schraube;40;60;vorne;9,5Jx20;;275/45 R20;
Auto;Porsche;Cayenne;Cayenne (9Y);2017;aktuell;5x130;71,6;M14x1,5 Schraube;40;60;hinten;10,5Jx20;;305/40 R20;
Auto;Porsche;Cayenne;Cayenne (9Y);2017;aktuell;5x130;71,6;M14x1,5 Schraube;40;60;vorne;9,5Jx21;;285/40 R21;
Auto;Porsche;Cayenne;Cayenne (9Y);2017;aktuell;5x130;71,6;M14x1,5 Schraube;40;60;hinten;11Jx21;;315/35 R21;
Auto;Suzuki;Swift;Swift (AZ);2017;2024;4x100;54,1;M12x1,25 Mutter;40;50;vorne + hinten;5,5Jx15;;185/55 R15;
Auto;Suzuki;Swift;Swift (AZ);2017;2024;4x100;54,1;M12x1,25 Mutter;40;50;vorne + hinten;6,5Jx16;;185/55 R16;
Auto;Suzuki;Vitara;Vitara (LY);2015;aktuell;5x114.3;60,1;M12x1,25 Mutter;45;50;vorne + hinten;6,5Jx16;;215/60 R16;
Auto;Suzuki;Vitara;Vitara (LY);2015;aktuell;5x114.3;60,1;M12x1,25 Mutter;45;50;vorne + hinten;6,5Jx17;;215/55 R17;
Auto;Suzuki;Jimny;Jimny (GJ);2018;aktuell;5x139.7;108,1;M12x1,25 Mutter;5;22;vorne + hinten;5,5Jx15;;195/80 R15;
Auto;Subaru;XV / Impreza;XV / Impreza (GT);2017;2023;5x100;56,1;M12x1,25 Mutter;48;55;vorne + hinten;7Jx17;;225/60 R17;
Auto;Subaru;XV / Impreza;XV / Impreza (GT);2017;2023;5x100;56,1;M12x1,25 Mutter;48;55;vorne + hinten;7Jx18;;225/55 R18;
Auto;Subaru;Forester;Forester (SK);2018;aktuell;5x114.3;56,1;M12x1,25 Mutter;48;55;vorne + hinten;7Jx17;;225/60 R17;
Auto;Subaru;Forester;Forester (SK);2018;aktuell;5x114.3;56,1;M12x1,25 Mutter;48;55;vorne + hinten;7Jx18;;225/55 R18;
Auto;Subaru;Outback;Outback (BS);2014;2021;5x114.3;56,1;M12x1,25 Mutter;48;55;vorne + hinten;7Jx17;;225/65 R17;
Auto;Subaru;Outback;Outback (BS);2014;2021;5x114.3;56,1;M12x1,25 Mutter;48;55;vorne + hinten;7Jx18;;225/60 R18;
Auto;Mitsubishi;Space Star;Space Star (A0);2012;aktuell;4x100;56,1;M12x1,5 Mutter;40;46;vorne + hinten;5,5Jx15;;175/55 R15;
Auto;Mitsubishi;ASX;ASX (GA);2010;2022;5x114.3;67,1;M12x1,5 Mutter;38;46;vorne + hinten;6,5Jx16;;215/65 R16;
Auto;Mitsubishi;ASX;ASX (GA);2010;2022;5x114.3;67,1;M12x1,5 Mutter;38;46;vorne + hinten;7Jx18;;225/55 R18;
Auto;Mitsubishi;Outlander;Outlander III;2012;2021;5x114.3;67,1;M12x1,5 Mutter;38;46;vorne + hinten;6,5Jx16;;215/70 R16;
Auto;Mitsubishi;Outlander;Outlander III;2012;2021;5x114.3;67,1;M12x1,5 Mutter;38;46;vorne + hinten;7Jx18;;225/55 R18;
Auto;Smart;fortwo;fortwo (453);2014;2024;4x100;60,1;M12x1,5 Schraube;30;45;vorne;5Jx15;;165/65 R15;Mischbereifung vorne/hinten, baugleich mit Renault Twingo III
Auto;Smart;fortwo;fortwo (453);2014;2024;4x100;60,1;M12x1,5 Schraube;30;45;hinten;5,5Jx15;;185/60 R15;Mischbereifung vorne/hinten, baugleich mit Renault Twingo III
Auto;Smart;fortwo;fortwo (453);2014;2024;4x100;60,1;M12x1,5 Schraube;30;45;vorne;6Jx16;;185/50 R16;Mischbereifung vorne/hinten, baugleich mit Renault Twingo III
Auto;Smart;fortwo;fortwo (453);2014;2024;4x100;60,1;M12x1,5 Schraube;30;45;hinten;6,5Jx16;;205/45 R16;Mischbereifung vorne/hinten, baugleich mit Renault Twingo III
Auto;Land Rover;Range Rover Evoque;Evoque (L538);2011;2018;5x108;63,4;M14x1,5 Schraube;42;49;vorne + hinten;8Jx18;;235/60 R18;
Auto;Land Rover;Range Rover Evoque;Evoque (L538);2011;2018;5x108;63,4;M14x1,5 Schraube;42;49;vorne + hinten;8Jx19;;235/55 R19;
Auto;Land Rover;Range Rover Evoque;Evoque (L538);2011;2018;5x108;63,4;M14x1,5 Schraube;42;49;vorne + hinten;8,5Jx20;;245/45 R20;
Auto;Land Rover;Discovery Sport;Discovery Sport (L550);2014;aktuell;5x108;63,4;M14x1,5 Schraube;42;49;vorne + hinten;8Jx18;;235/60 R18;
Auto;Land Rover;Discovery Sport;Discovery Sport (L550);2014;aktuell;5x108;63,4;M14x1,5 Schraube;42;49;vorne + hinten;8Jx19;;235/55 R19;
Auto;Land Rover;Discovery Sport;Discovery Sport (L550);2014;aktuell;5x108;63,4;M14x1,5 Schraube;42;49;vorne + hinten;8,5Jx20;;245/45 R20;
Auto;Land Rover;Defender;Defender (L663);2020;aktuell;5x120;72,6;M14x1,5 Schraube;40;50;vorne + hinten;8,5Jx19;;255/65 R19;
Auto;Land Rover;Defender;Defender (L663);2020;aktuell;5x120;72,6;M14x1,5 Schraube;40;50;vorne + hinten;9,5Jx20;;255/60 R20;
Auto;Jeep;Renegade;Renegade (BU);2014;aktuell;5x110;65,1;M12x1,25 Schraube;35;45;vorne + hinten;6,5Jx16;;215/65 R16;
Auto;Jeep;Renegade;Renegade (BU);2014;aktuell;5x110;65,1;M12x1,25 Schraube;35;45;vorne + hinten;7Jx18;;225/55 R18;
Auto;Jeep;Compass;Compass II (M6);2017;aktuell;5x110;65,1;M12x1,25 Schraube;35;45;vorne + hinten;7Jx17;;225/60 R17;
Auto;Jeep;Compass;Compass II (M6);2017;aktuell;5x110;65,1;M12x1,25 Schraube;35;45;vorne + hinten;7,5Jx18;;225/55 R18;
Auto;Jeep;Compass;Compass II (M6);2017;aktuell;5x110;65,1;M12x1,25 Schraube;35;45;vorne + hinten;7,5Jx19;;235/45 R19;
Auto;Jeep;Wrangler;Wrangler (JL);2018;aktuell;5x127;71,5;M14x1,5 Mutter;30;44;vorne + hinten;7,5Jx17;;245/75 R17;
Auto;Jeep;Wrangler;Wrangler (JL);2018;aktuell;5x127;71,5;M14x1,5 Mutter;30;44;vorne + hinten;7,5Jx18;;255/70 R18;
Auto;Alfa Romeo;Giulia;Giulia (952);2016;aktuell;5x110;65,1;M14x1,25 Schraube;30;41;vorne + hinten;7,5Jx17;;225/55 R17;
Auto;Alfa Romeo;Giulia;Giulia (952);2016;aktuell;5x110;65,1;M14x1,25 Schraube;30;41;vorne + hinten;8Jx18;;225/45 R18;
Auto;Alfa Romeo;Giulia;Giulia (952);2016;aktuell;5x110;65,1;M14x1,25 Schraube;30;41;vorne;8Jx19;;225/40 R19;
Auto;Alfa Romeo;Giulia;Giulia (952);2016;aktuell;5x110;65,1;M14x1,25 Schraube;30;41;hinten;9Jx19;;255/35 R19;
Auto;Alfa Romeo;Stelvio;Stelvio (949);2017;aktuell;5x110;65,1;M14x1,25 Schraube;30;41;vorne + hinten;8Jx18;;235/60 R18;
Auto;Alfa Romeo;Stelvio;Stelvio (949);2017;aktuell;5x110;65,1;M14x1,25 Schraube;30;41;vorne + hinten;8,5Jx19;;235/55 R19;
Auto;Alfa Romeo;Stelvio;Stelvio (949);2017;aktuell;5x110;65,1;M14x1,25 Schraube;30;41;vorne;8,5Jx20;;255/45 R20;
Auto;Alfa Romeo;Stelvio;Stelvio (949);2017;aktuell;5x110;65,1;M14x1,25 Schraube;30;41;hinten;9,5Jx20;;285/40 R20;
Motorrad;BMW Motorrad;R 1250 GS;R 1250 GS;2018;2023;;;;;;vorne;3x19;;120/70 R19;
Motorrad;BMW Motorrad;R 1250 GS;R 1250 GS;2018;2023;;;;;;hinten;4,5x17;;170/60 R17;
Motorrad;BMW Motorrad;R 1300 GS;R 1300 GS;2023;aktuell;;;;;;vorne;3x19;;120/70 R19;
Motorrad;BMW Motorrad;R 1300 GS;R 1300 GS;2023;aktuell;;;;;;hinten;4,5x17;;170/60 R17;
Motorrad;BMW Motorrad;R 1250 RT;R 1250 RT;2019;2024;;;;;;vorne;3,5x17;;120/70 ZR17;
Motorrad;BMW Motorrad;R 1250 RT;R 1250 RT;2019;2024;;;;;;hinten;5,5x17;;180/55 ZR17;
Motorrad;BMW Motorrad;R nineT;R nineT;2014;aktuell;;;;;;vorne;3,5x17;;120/70 ZR17;
Motorrad;BMW Motorrad;R nineT;R nineT;2014;aktuell;;;;;;hinten;5,5x17;;180/55 ZR17;
Motorrad;BMW Motorrad;S 1000 RR;S 1000 RR (K67);2019;aktuell;;;;;;vorne;3,5x17;;120/70 ZR17;
Motorrad;BMW Motorrad;S 1000 RR;S 1000 RR (K67);2019;aktuell;;;;;;hinten;6x17;;190/55 ZR17;
Motorrad;BMW Motorrad;F 900 R;F 900 R;2020;aktuell;;;;;;vorne;3,5x17;;120/70 ZR17;
Motorrad;BMW Motorrad;F 900 R;F 900 R;2020;aktuell;;;;;;hinten;5,5x17;;180/55 ZR17;
Motorrad;BMW Motorrad;F 850 GS;F 850 GS;2018;2023;;;;;;vorne;2,15x21;;90/90-21;
Motorrad;BMW Motorrad;F 850 GS;F 850 GS;2018;2023;;;;;;hinten;4,25x17;;150/70 R17;
Motorrad;BMW Motorrad;F 750 GS;F 750 GS;2018;2023;;;;;;vorne;2,5x19;;110/80 R19;
Motorrad;BMW Motorrad;F 750 GS;F 750 GS;2018;2023;;;;;;hinten;4,25x17;;150/70 R17;
Motorrad;BMW Motorrad;G 310 R;G 310 R;2016;aktuell;;;;;;vorne;3x17;;110/70 R17;
Motorrad;BMW Motorrad;G 310 R;G 310 R;2016;aktuell;;;;;;hinten;4x17;;150/60 R17;
Motorrad;KTM;125 Duke;125 Duke;2017;2023;;;;;;vorne;3x17;;110/70 R17;
Motorrad;KTM;125 Duke;125 Duke;2017;2023;;;;;;hinten;4x17;;150/60 R17;
Motorrad;KTM;390 Duke;390 Duke;2017;2023;;;;;;vorne;3x17;;110/70 R17;
Motorrad;KTM;390 Duke;390 Duke;2017;2023;;;;;;hinten;4x17;;150/60 R17;
Motorrad;KTM;790 / 890 Duke;790 / 890 Duke;2018;aktuell;;;;;;vorne;3,5x17;;120/70 ZR17;
Motorrad;KTM;790 / 890 Duke;790 / 890 Duke;2018;aktuell;;;;;;hinten;5,5x17;;180/55 ZR17;
Motorrad;KTM;1290 Super Duke R;1290 Super Duke R;2014;aktuell;;;;;;vorne;3,5x17;;120/70 ZR17;
Motorrad;KTM;1290 Super Duke R;1290 Super Duke R;2014;aktuell;;;;;;hinten;6x17;;200/55 ZR17;
Motorrad;KTM;890 Adventure;890 Adventure;2021;aktuell;;;;;;vorne;2,5x21;;90/90-21;
Motorrad;KTM;890 Adventure;890 Adventure;2021;aktuell;;;;;;hinten;4,5x18;;150/70 R18;
Motorrad;KTM;1290 Super Adventure S;1290 Super Adventure S;2021;aktuell;;;;;;vorne;3,5x19;;120/70 R19;
Motorrad;KTM;1290 Super Adventure S;1290 Super Adventure S;2021;aktuell;;;;;;hinten;5x17;;170/60 R17;
Motorrad;Husqvarna;Svartpilen / Vitpilen 401;Svartpilen / Vitpilen 401;2018;2023;;;;;;vorne;3x17;;110/70 R17;
Motorrad;Husqvarna;Svartpilen / Vitpilen 401;Svartpilen / Vitpilen 401;2018;2023;;;;;;hinten;4x17;;150/60 R17;
Motorrad;Honda;CB500F;CB500F;2013;aktuell;;;;;;vorne;3,5x17;;120/70 ZR17;
Motorrad;Honda;CB500F;CB500F;2013;aktuell;;;;;;hinten;4,5x17;;160/60 ZR17;
Motorrad;Honda;CB500X / NX500;CB500X / NX500;2019;aktuell;;;;;;vorne;2,5x19;;110/80 R19;
Motorrad;Honda;CB500X / NX500;CB500X / NX500;2019;aktuell;;;;;;hinten;4,5x17;;160/60 R17;
Motorrad;Honda;CB650R / CBR650R;CB650R / CBR650R;2019;aktuell;;;;;;vorne;3,5x17;;120/70 ZR17;
Motorrad;Honda;CB650R / CBR650R;CB650R / CBR650R;2019;aktuell;;;;;;hinten;5,5x17;;180/55 ZR17;
Motorrad;Honda;CB1000R;CB1000R;2018;aktuell;;;;;;vorne;3,5x17;;120/70 ZR17;
Motorrad;Honda;CB1000R;CB1000R;2018;aktuell;;;;;;hinten;6x17;;190/55 ZR17;
Motorrad;Honda;NC750X;NC750X;2014;aktuell;;;;;;vorne;3,5x17;;120/70 ZR17;
Motorrad;Honda;NC750X;NC750X;2014;aktuell;;;;;;hinten;4,5x17;;160/60 ZR17;
Motorrad;Honda;CRF1100L Africa Twin;CRF1100L Africa Twin;2020;aktuell;;;;;;vorne;2,15x21;;90/90-21;
Motorrad;Honda;CRF1100L Africa Twin;CRF1100L Africa Twin;2020;aktuell;;;;;;hinten;4x18;;150/70 R18;
Motorrad;Honda;Rebel 500;CMX500 Rebel;2017;aktuell;;;;;;vorne;3x16;;130/90-16;
Motorrad;Honda;Rebel 500;CMX500 Rebel;2017;aktuell;;;;;;hinten;3,5x16;;150/80-16;
Motorrad;Honda;Gold Wing;GL1800 Gold Wing;2018;aktuell;;;;;;vorne;3,5x18;;130/70 R18;
Motorrad;Honda;Gold Wing;GL1800 Gold Wing;2018;aktuell;;;;;;hinten;5x16;;200/55 R16;
Motorrad;Honda;PCX 125;PCX 125;2021;aktuell;;;;;;vorne;14 Zoll;;110/70-14;
Motorrad;Honda;PCX 125;PCX 125;2021;aktuell;;;;;;hinten;13 Zoll;;130/70-13;
Motorrad;Yamaha;MT-07;MT-07;2014;aktuell;;;;;;vorne;3,5x17;;120/70 ZR17;
Motorrad;Yamaha;MT-07;MT-07;2014;aktuell;;;;;;hinten;5,5x17;;180/55 ZR17;
Motorrad;Yamaha;MT-09;MT-09;2013;aktuell;;;;;;vorne;3,5x17;;120/70 ZR17;
Motorrad;Yamaha;MT-09;MT-09;2013;aktuell;;;;;;hinten;5,5x17;;180/55 ZR17;
Motorrad;Yamaha;MT-125;MT-125;2020;aktuell;;;;;;vorne;2,75x17;;100/80-17;
Motorrad;Yamaha;MT-125;MT-125;2020;aktuell;;;;;;hinten;4x17;;140/70-17;
Motorrad;Yamaha;Tracer 9;Tracer 9;2021;aktuell;;;;;;vorne;3,5x17;;120/70 ZR17;
Motorrad;Yamaha;Tracer 9;Tracer 9;2021;aktuell;;;;;;hinten;5,5x17;;180/55 ZR17;
Motorrad;Yamaha;XSR700;XSR700;2016;aktuell;;;;;;vorne;3,5x17;;120/70 ZR17;
Motorrad;Yamaha;XSR700;XSR700;2016;aktuell;;;;;;hinten;5,5x17;;180/55 ZR17;
Motorrad;Yamaha;YZF-R7;YZF-R7;2021;aktuell;;;;;;vorne;3,5x17;;120/70 ZR17;
Motorrad;Yamaha;YZF-R7;YZF-R7;2021;aktuell;;;;;;hinten;5,5x17;;180/55 ZR17;
Motorrad;Yamaha;YZF-R1;YZF-R1;2015;aktuell;;;;;;vorne;3,5x17;;120/70 ZR17;
Motorrad;Yamaha;YZF-R1;YZF-R1;2015;aktuell;;;;;;hinten;6x17;;190/55 ZR17;
Motorrad;Yamaha;Ténéré 700;Ténéré 700;2019;aktuell;;;;;;vorne;2,15x21;;90/90-21;
Motorrad;Yamaha;Ténéré 700;Ténéré 700;2019;aktuell;;;;;;hinten;4,25x18;;150/70 R18;
Motorrad;Yamaha;TMAX;TMAX 530/560;2017;aktuell;;;;;;vorne;3,5x15;;120/70 R15;
Motorrad;Yamaha;TMAX;TMAX 530/560;2017;aktuell;;;;;;hinten;4,5x15;;160/60 R15;
Motorrad;Yamaha;XMAX 300;XMAX 300;2017;aktuell;;;;;;vorne;15 Zoll;;120/70-15;
Motorrad;Yamaha;XMAX 300;XMAX 300;2017;aktuell;;;;;;hinten;14 Zoll;;140/70-14;
Motorrad;Kawasaki;Z400 / Ninja 400;Z400 / Ninja 400;2018;aktuell;;;;;;vorne;2,75x17;;110/70-17;
Motorrad;Kawasaki;Z400 / Ninja 400;Z400 / Ninja 400;2018;aktuell;;;;;;hinten;4x17;;150/60-17;
Motorrad;Kawasaki;Z650 / Ninja 650;Z650 / Ninja 650;2017;aktuell;;;;;;vorne;3,5x17;;120/70 ZR17;
Motorrad;Kawasaki;Z650 / Ninja 650;Z650 / Ninja 650;2017;aktuell;;;;;;hinten;4,5x17;;160/60 ZR17;
Motorrad;Kawasaki;Versys 650;Versys 650;2015;aktuell;;;;;;vorne;3,5x17;;120/70 ZR17;
Motorrad;Kawasaki;Versys 650;Versys 650;2015;aktuell;;;;;;hinten;4,5x17;;160/60 ZR17;
Motorrad;Kawasaki;Z900;Z900;2017;aktuell;;;;;;vorne;3,5x17;;120/70 ZR17;
Motorrad;Kawasaki;Z900;Z900;2017;aktuell;;;;;;hinten;5,5x17;;180/55 ZR17;
Motorrad;Kawasaki;Z H2;Z H2;2020;aktuell;;;;;;vorne;3,5x17;;120/70 ZR17;
Motorrad;Kawasaki;Z H2;Z H2;2020;aktuell;;;;;;hinten;6x17;;190/55 ZR17;
Motorrad;Kawasaki;Ninja ZX-10R;Ninja ZX-10R;2016;aktuell;;;;;;vorne;3,5x17;;120/70 ZR17;
Motorrad;Kawasaki;Ninja ZX-10R;Ninja ZX-10R;2016;aktuell;;;;;;hinten;6x17;;190/55 ZR17;
Motorrad;Suzuki;SV650;SV650;2016;aktuell;;;;;;vorne;3,5x17;;120/70 ZR17;
Motorrad;Suzuki;SV650;SV650;2016;aktuell;;;;;;hinten;4,5x17;;160/60 ZR17;
Motorrad;Suzuki;GSX-S750;GSX-S750;2017;2021;;;;;;vorne;3,5x17;;120/70 ZR17;
Motorrad;Suzuki;GSX-S750;GSX-S750;2017;2021;;;;;;hinten;5,5x17;;180/55 ZR17;
Motorrad;Suzuki;GSX-S1000;GSX-S1000;2021;aktuell;;;;;;vorne;3,5x17;;120/70 ZR17;
Motorrad;Suzuki;GSX-S1000;GSX-S1000;2021;aktuell;;;;;;hinten;6x17;;190/50 ZR17;
Motorrad;Suzuki;GSX-R1000;GSX-R1000;2017;aktuell;;;;;;vorne;3,5x17;;120/70 ZR17;
Motorrad;Suzuki;GSX-R1000;GSX-R1000;2017;aktuell;;;;;;hinten;6x17;;190/55 ZR17;
Motorrad;Suzuki;Hayabusa;Hayabusa;2021;aktuell;;;;;;vorne;3,5x17;;120/70 ZR17;
Motorrad;Suzuki;Hayabusa;Hayabusa;2021;aktuell;;;;;;hinten;6x17;;190/50 ZR17;
Motorrad;Suzuki;V-Strom 650;V-Strom 650;2017;2023;;;;;;vorne;2,5x19;;110/80 R19;
Motorrad;Suzuki;V-Strom 650;V-Strom 650;2017;2023;;;;;;hinten;4x17;;150/70 R17;
Motorrad;Ducati;Monster;Monster (937);2021;aktuell;;;;;;vorne;3,5x17;;120/70 ZR17;
Motorrad;Ducati;Monster;Monster (937);2021;aktuell;;;;;;hinten;5,5x17;;180/55 ZR17;
Motorrad;Ducati;Scrambler Icon;Scrambler Icon;2015;aktuell;;;;;;vorne;3x18;;110/80 R18;
Motorrad;Ducati;Scrambler Icon;Scrambler Icon;2015;aktuell;;;;;;hinten;5,5x17;;180/55 R17;
Motorrad;Ducati;Panigale V4;Panigale V4;2018;aktuell;;;;;;vorne;3,5x17;;120/70 ZR17;
Motorrad;Ducati;Panigale V4;Panigale V4;2018;aktuell;;;;;;hinten;6x17;;200/60 ZR17;
Motorrad;Ducati;Streetfighter V4;Streetfighter V4;2020;aktuell;;;;;;vorne;3,5x17;;120/70 ZR17;
Motorrad;Ducati;Streetfighter V4;Streetfighter V4;2020;aktuell;;;;;;hinten;6x17;;200/60 ZR17;
Motorrad;Ducati;Multistrada V4;Multistrada V4;2021;aktuell;;;;;;vorne;3x19;;120/70 ZR19;
Motorrad;Ducati;Multistrada V4;Multistrada V4;2021;aktuell;;;;;;hinten;4,5x17;;170/60 ZR17;
Motorrad;Ducati;Diavel V4;Diavel V4;2023;aktuell;;;;;;vorne;3,5x17;;120/70 ZR17;
Motorrad;Ducati;Diavel V4;Diavel V4;2023;aktuell;;;;;;hinten;8x17;;240/45 ZR17;
Motorrad;Triumph;Trident 660;Trident 660;2021;aktuell;;;;;;vorne;3,5x17;;120/70 ZR17;
Motorrad;Triumph;Trident 660;Trident 660;2021;aktuell;;;;;;hinten;5,5x17;;180/55 ZR17;
Motorrad;Triumph;Street Triple 765;Street Triple 765;2017;aktuell;;;;;;vorne;3,5x17;;120/70 ZR17;
Motorrad;Triumph;Street Triple 765;Street Triple 765;2017;aktuell;;;;;;hinten;5,5x17;;180/55 ZR17;
Motorrad;Triumph;Tiger 900 GT;Tiger 900 GT;2020;aktuell;;;;;;vorne;2,5x19;;100/90-19;
Motorrad;Triumph;Tiger 900 GT;Tiger 900 GT;2020;aktuell;;;;;;hinten;4,25x17;;150/70 R17;
Motorrad;Triumph;Tiger 900 Rally;Tiger 900 Rally;2020;aktuell;;;;;;vorne;2,15x21;;90/90-21;
Motorrad;Triumph;Tiger 900 Rally;Tiger 900 Rally;2020;aktuell;;;;;;hinten;4,25x17;;150/70 R17;
Motorrad;Triumph;Bonneville T120;Bonneville T120;2016;aktuell;;;;;;vorne;2,75x18;;100/90-18;
Motorrad;Triumph;Bonneville T120;Bonneville T120;2016;aktuell;;;;;;hinten;4,25x17;;150/70 R17;
Motorrad;Aprilia;RS 660 / Tuono 660;RS 660 / Tuono 660;2020;aktuell;;;;;;vorne;3,5x17;;120/70 ZR17;
Motorrad;Aprilia;RS 660 / Tuono 660;RS 660 / Tuono 660;2020;aktuell;;;;;;hinten;5,5x17;;180/55 ZR17;
Motorrad;Aprilia;Tuono V4;Tuono V4;2021;aktuell;;;;;;vorne;3,5x17;;120/70 ZR17;
Motorrad;Aprilia;Tuono V4;Tuono V4;2021;aktuell;;;;;;hinten;6x17;;200/55 ZR17;
Motorrad;Harley-Davidson;Street Bob 114;Street Bob 114 (Softail M8);2018;aktuell;;;;;;vorne;19 Zoll;;100/90-19;
Motorrad;Harley-Davidson;Street Bob 114;Street Bob 114 (Softail M8);2018;aktuell;;;;;;hinten;16 Zoll;;150/80B16;
Motorrad;Harley-Davidson;Fat Boy 114;Fat Boy 114 (Softail M8);2018;aktuell;;;;;;vorne;18 Zoll;;160/60 R18;
Motorrad;Harley-Davidson;Fat Boy 114;Fat Boy 114 (Softail M8);2018;aktuell;;;;;;hinten;18 Zoll;;240/40 R18;
Motorrad;Harley-Davidson;Sportster S;Sportster S (RH1250S);2021;aktuell;;;;;;vorne;17 Zoll;;160/70 R17;
Motorrad;Harley-Davidson;Sportster S;Sportster S (RH1250S);2021;aktuell;;;;;;hinten;16 Zoll;;180/70 R16;
Motorrad;Harley-Davidson;Road Glide;Road Glide;2017;2023;;;;;;vorne;19 Zoll;;130/60B19;
Motorrad;Harley-Davidson;Road Glide;Road Glide;2017;2023;;;;;;hinten;18 Zoll;;180/55B18;
Motorrad;Harley-Davidson;Pan America;Pan America 1250;2021;aktuell;;;;;;vorne;19 Zoll;;120/70 R19;
Motorrad;Harley-Davidson;Pan America;Pan America 1250;2021;aktuell;;;;;;hinten;18 Zoll;;170/60 R18;
Motorrad;Vespa;GTS 300;GTS 300;2019;aktuell;;;;;;vorne;12 Zoll;;120/70-12;
Motorrad;Vespa;GTS 300;GTS 300;2019;aktuell;;;;;;hinten;12 Zoll;;130/70-12;
